Handle,Variant SKU,Title,Vendor,Product Type,Variant Price,Cost per item,Compare At Price,Variant Barcode,Weight,Weight Unit,Dimensions,Variant Inventory Qty,Stock Status,Published,Variant Taxable,Image Src,Body (HTML),Tags,Updated At,Supplier Ref
lantern-nw-1000,NW-1000,BRASS LANTERN,HARBOURLINE OUTFITTERS,Outdoor,"$1,299.00",519.60,1688.70,5060000007916,2.5,kg,12 x 8 x 4 in,14,In Stock,TRUE,yes,//cdn.example-supplier.test/img/nw-1000.jpg,<p>Made in small batches and finished by hand. Ships flat.</p>,"outdoor, catalogue",2026-09-01T00:30:00Z,NW/0000
dry-bag-nw-1003,NW-1003,stiff bristle dry bag,KESTREL & CO.,Hand Tools,49.99,20.00,,5060000015836,500 g,,300mm x 200mm x 100mm,3,instock,yes,1,https://cdn.example-supplier.test/img/nw-1003.jpg,<p>Hard-wearing &amp; simple to clean. Sold singly.</p>,"hand tools, catalogue",2026-09-02T01:30:00Z,NW/0001
chisel-nw-1006,NW-1006,Cloth Bound Chisel,Marrow Tool Works Ltd,Kitchen,"  18,50  ",7.40,,5060000023756,1.1lb,,30 × 20 × 10 cm,0,OUT OF STOCK,1,N,https://cdn.example-supplier.test/img/nw-1006.jpg,<p>Designed for daily use.<br>Guaranteed for two years.</p>,"kitchen, catalogue",2026-09-03T02:30:00Z,NW/0002
mixing-bowl-nw-1009,NW-1009,MANUAL 12V MIXING BOWL,pennyroyal,Stationery,USD 45.50,18.20,,5060000031676,12 oz,,1.2 x 0.4 x 0.4 m,0,Back-Order,N,false,https://cdn.example-supplier.test/img/nw-1009.jpg,"<p>A workshop staple &mdash; nothing clever, just well made.</p>","stationery, catalogue",2026-09-04T03:30:00Z,NW/0003
notebook-nw-1012,NW-1012,stoneware notebook,salt marsh supply,Marine,$7.25,2.90,9.43,5060000039597,"0,75 kg",,12 x 8 x 4 in,0,Pre-Order,false,TRUE,https://cdn.example-supplier.test/img/nw-1012.jpg,<p>Made in small batches and finished by hand. Ships flat.</p>,"marine, catalogue",2026-09-05T04:30:00Z,NW/0004
deck-brush-nw-1015,NW-1015,Waxed Canvas Deck Brush,Vellum,Storage,"1.299,00",519.60,,5060000047516,340,g,300mm x 200mm x 100mm,0,Discontinued,TRUE,yes,//cdn.example-supplier.test/img/nw-1015.jpg,<p>Hard-wearing &amp; simple to clean. Sold singly.</p>,"storage, catalogue",2026-09-06T05:30:00Z,NW/0005
rope-ladder-nw-1018,NW-1018,BRAIDED 9M ROPE LADDER,HARBOURLINE OUTFITTERS,Lighting,"$1,299.00",519.60,,5060000055436,2.5,kg,30 × 20 × 10 cm,14,In Stock,yes,1,https://cdn.example-supplier.test/img/nw-1018.jpg,<p>Designed for daily use.<br>Guaranteed for two years.</p>,"lighting, catalogue",2026-09-07T06:30:00Z,NW/0006
tote-nw-1021,NW-1021,cylindrical tote,KESTREL & CO.,Workshop,49.99,20.00,,5060000063356,500 g,,1.2 x 0.4 x 0.4 m,3,instock,1,N,https://cdn.example-supplier.test/img/nw-1021.jpg,"<p>A workshop staple &mdash; nothing clever, just well made.</p>","workshop, catalogue",2026-09-08T07:30:00Z,NW/0007
hand-plane-nw-1024,NW-1024,Four Pocket Hand Plane,Marrow Tool Works Ltd,Outdoor,"  18,50  ",7.40,24.05,5060000071276,1.1lb,,12 x 8 x 4 in,0,OUT OF STOCK,N,false,https://cdn.example-supplier.test/img/nw-1024.jpg,<p>Made in small batches and finished by hand. Ships flat.</p>,"outdoor, catalogue",2026-09-01T08:30:00Z,NW/0008
tea-caddy-nw-1027,NW-1027,GRIDDED TEA CADDY,pennyroyal,Hand Tools,USD 45.50,18.20,,5060000079197,12 oz,,300mm x 200mm x 100mm,0,Back-Order,false,TRUE,https://cdn.example-supplier.test/img/nw-1027.jpg,<p>Hard-wearing &amp; simple to clean. Sold singly.</p>,"hand tools, catalogue",2026-09-02T00:30:00Z,NW/0009
ledger-nw-1030,NW-1030,oak handled ledger,salt marsh supply,Kitchen,$7.25,2.90,,5060000087109,"0,75 kg",,30 × 20 × 10 cm,0,Pre-Order,TRUE,yes,//cdn.example-supplier.test/img/nw-1030.jpg,<p>Designed for daily use.<br>Guaranteed for two years.</p>,"kitchen, catalogue",2026-09-03T01:30:00Z,NW/0010
fender-nw-1033,NW-1033,Heavyweight Fender,Vellum,Stationery,"1.299,00",519.60,,5060000095029,340,g,1.2 x 0.4 x 0.4 m,0,Discontinued,yes,1,https://cdn.example-supplier.test/img/nw-1033.jpg,"<p>A workshop staple &mdash; nothing clever, just well made.</p>","stationery, catalogue",2026-09-04T02:30:00Z,NW/0011
mallet-nw-1036,NW-1036,RUBBER FACED MALLET,HARBOURLINE OUTFITTERS,Marine,"$1,299.00",519.60,1688.70,5060000102949,2.5,kg,12 x 8 x 4 in,14,In Stock,1,N,https://cdn.example-supplier.test/img/nw-1036.jpg,<p>Made in small batches and finished by hand. Ships flat.</p>,"marine, catalogue",2026-09-05T03:30:00Z,NW/0012
colander-nw-1039,NW-1039,stackable colander,KESTREL & CO.,Storage,49.99,20.00,,5060000110869,500 g,,300mm x 200mm x 100mm,3,instock,N,false,https://cdn.example-supplier.test/img/nw-1039.jpg,<p>Hard-wearing &amp; simple to clean. Sold singly.</p>,"storage, catalogue",2026-09-06T04:30:00Z,NW/0013
sketchbook-nw-1042,NW-1042,Stainless Sketchbook,Marrow Tool Works Ltd,Lighting,"  18,50  ",7.40,,5060000118780,1.1lb,,30 × 20 × 10 cm,0,OUT OF STOCK,false,TRUE,https://cdn.example-supplier.test/img/nw-1042.jpg,<p>Designed for daily use.<br>Guaranteed for two years.</p>,"lighting, catalogue",2026-09-07T05:30:00Z,NW/0014
bilge-pump-nw-1045,NW-1045,ENAMELLED BILGE PUMP,pennyroyal,Workshop,USD 45.50,18.20,,5060000126709,12 oz,,1.2 x 0.4 x 0.4 m,0,Back-Order,TRUE,yes,//cdn.example-supplier.test/img/nw-1045.jpg,"<p>A workshop staple &mdash; nothing clever, just well made.</p>","workshop, catalogue",2026-09-08T06:30:00Z,NW/0015
tool-roll-nw-1048,NW-1048,bevel edge tool roll,salt marsh supply,Outdoor,$7.25,2.90,9.43,5060000134629,"0,75 kg",,12 x 8 x 4 in,0,Pre-Order,yes,1,https://cdn.example-supplier.test/img/nw-1048.jpg,<p>Made in small batches and finished by hand. Ships flat.</p>,"outdoor, catalogue",2026-09-01T07:30:00Z,NW/0016
crate-nw-1051,NW-1051,Perforated Crate,Vellum,Hand Tools,"1.299,00",519.60,,5060000142549,340,g,300mm x 200mm x 100mm,0,Discontinued,1,N,https://cdn.example-supplier.test/img/nw-1051.jpg,<p>Hard-wearing &amp; simple to clean. Sold singly.</p>,"hand tools, catalogue",2026-09-02T08:30:00Z,NW/0017
head-torch-nw-1054,NW-1054,USB-C RECHARGEABLE HEAD TORCH,HARBOURLINE OUTFITTERS,Kitchen,"$1,299.00",519.60,,5060000150469,2.5,kg,30 × 20 × 10 cm,14,In Stock,N,false,https://cdn.example-supplier.test/img/nw-1054.jpg,<p>Designed for daily use.<br>Guaranteed for two years.</p>,"kitchen, catalogue",2026-09-03T00:30:00Z,NW/0018
bench-hook-nw-1057,NW-1057,lidded bench hook,KESTREL & CO.,Stationery,49.99,20.00,,5060000158380,500 g,,1.2 x 0.4 x 0.4 m,3,instock,false,TRUE,https://cdn.example-supplier.test/img/nw-1057.jpg,"<p>A workshop staple &mdash; nothing clever, just well made.</p>","stationery, catalogue",2026-09-04T01:30:00Z,NW/0019
butter-dish-nw-1060,NW-1060,Ruled A5 Butter Dish,Marrow Tool Works Ltd,Marine,"  18,50  ",7.40,24.05,5060000166293,1.1lb,,12 x 8 x 4 in,0,OUT OF STOCK,TRUE,yes,//cdn.example-supplier.test/img/nw-1060.jpg,<p>Made in small batches and finished by hand. Ships flat.</p>,"marine, catalogue",2026-09-05T02:30:00Z,NW/0020
index-cards-nw-1063,NW-1063,AIRTIGHT INDEX CARDS,pennyroyal,Storage,USD 45.50,18.20,,5060000174212,12 oz,,300mm x 200mm x 100mm,0,Back-Order,yes,1,https://cdn.example-supplier.test/img/nw-1063.jpg,<p>Hard-wearing &amp; simple to clean. Sold singly.</p>,"storage, catalogue",2026-09-06T03:30:00Z,NW/0021
cleat-nw-1066,NW-1066,hardback cleat,salt marsh supply,Lighting,$7.25,2.90,,5060000182132,"0,75 kg",,30 × 20 × 10 cm,0,Pre-Order,1,N,https://cdn.example-supplier.test/img/nw-1066.jpg,<p>Designed for daily use.<br>Guaranteed for two years.</p>,"lighting, catalogue",2026-09-07T04:30:00Z,NW/0022
bin-nw-1069,NW-1069,Beech Bin,Vellum,Workshop,"1.299,00",519.60,,5060000190052,340,g,1.2 x 0.4 x 0.4 m,0,Discontinued,N,false,https://cdn.example-supplier.test/img/nw-1069.jpg,"<p>A workshop staple &mdash; nothing clever, just well made.</p>","workshop, catalogue",2026-09-08T05:30:00Z,NW/0023
lantern-nw-1072,NW-1072,BRASS LANTERN,HARBOURLINE OUTFITTERS,Outdoor,"$1,299.00",519.60,1688.70,5060000197976,2.5,kg,12 x 8 x 4 in,14,In Stock,false,TRUE,https://cdn.example-supplier.test/img/nw-1072.jpg,<p>Made in small batches and finished by hand. Ships flat.</p>,"outdoor, catalogue",2026-09-01T06:30:00Z,NW/0024
dry-bag-nw-1075,NW-1075,stiff bristle dry bag,KESTREL & CO.,Hand Tools,49.99,20.00,,5060000205893,500 g,,300mm x 200mm x 100mm,3,instock,TRUE,yes,//cdn.example-supplier.test/img/nw-1075.jpg,<p>Hard-wearing &amp; simple to clean. Sold singly.</p>,"hand tools, catalogue",2026-09-02T07:30:00Z,NW/0025
chisel-nw-1078,NW-1078,Cloth Bound Chisel,Marrow Tool Works Ltd,Kitchen,"  18,50  ",7.40,,5060000213812,1.1lb,,30 × 20 × 10 cm,0,OUT OF STOCK,yes,1,https://cdn.example-supplier.test/img/nw-1078.jpg,<p>Designed for daily use.<br>Guaranteed for two years.</p>,"kitchen, catalogue",2026-09-03T08:30:00Z,NW/0026
mixing-bowl-nw-1081,NW-1081,MANUAL 12V MIXING BOWL,pennyroyal,Stationery,USD 45.50,18.20,,5060000221732,12 oz,,1.2 x 0.4 x 0.4 m,0,Back-Order,1,N,https://cdn.example-supplier.test/img/nw-1081.jpg,"<p>A workshop staple &mdash; nothing clever, just well made.</p>","stationery, catalogue",2026-09-04T00:30:00Z,NW/0027
notebook-nw-1084,NW-1084,stoneware notebook,salt marsh supply,Marine,$7.25,2.90,9.43,5060000229653,"0,75 kg",,12 x 8 x 4 in,0,Pre-Order,N,false,https://cdn.example-supplier.test/img/nw-1084.jpg,<p>Made in small batches and finished by hand. Ships flat.</p>,"marine, catalogue",2026-09-05T01:30:00Z,NW/0028
deck-brush-nw-1087,NW-1087,Waxed Canvas Deck Brush,Vellum,Storage,"1.299,00",519.60,,5060000237573,340,g,300mm x 200mm x 100mm,0,Discontinued,false,TRUE,https://cdn.example-supplier.test/img/nw-1087.jpg,<p>Hard-wearing &amp; simple to clean. Sold singly.</p>,"storage, catalogue",2026-09-06T02:30:00Z,NW/0029
rope-ladder-nw-1090,NW-1090,BRAIDED 9M ROPE LADDER,HARBOURLINE OUTFITTERS,Lighting,"$1,299.00",519.60,,5060000245486,2.5,kg,30 × 20 × 10 cm,14,In Stock,TRUE,yes,//cdn.example-supplier.test/img/nw-1090.jpg,<p>Designed for daily use.<br>Guaranteed for two years.</p>,"lighting, catalogue",2026-09-07T03:30:00Z,NW/0030
tote-nw-1093,NW-1093,cylindrical tote,KESTREL & CO.,Workshop,49.99,20.00,,5060000253405,500 g,,1.2 x 0.4 x 0.4 m,3,instock,yes,1,https://cdn.example-supplier.test/img/nw-1093.jpg,"<p>A workshop staple &mdash; nothing clever, just well made.</p>","workshop, catalogue",2026-09-08T04:30:00Z,NW/0031
hand-plane-nw-1096,NW-1096,Four Pocket Hand Plane,Marrow Tool Works Ltd,Outdoor,"  18,50  ",7.40,24.05,5060000261325,1.1lb,,12 x 8 x 4 in,0,OUT OF STOCK,1,N,https://cdn.example-supplier.test/img/nw-1096.jpg,<p>Made in small batches and finished by hand. Ships flat.</p>,"outdoor, catalogue",2026-09-01T05:30:00Z,NW/0032
tea-caddy-nw-1099,NW-1099,GRIDDED TEA CADDY,pennyroyal,Hand Tools,USD 45.50,18.20,,5060000269246,12 oz,,300mm x 200mm x 100mm,0,Back-Order,N,false,https://cdn.example-supplier.test/img/nw-1099.jpg,<p>Hard-wearing &amp; simple to clean. Sold singly.</p>,"hand tools, catalogue",2026-09-02T06:30:00Z,NW/0033
ledger-nw-1102,NW-1102,oak handled ledger,salt marsh supply,Kitchen,$7.25,2.90,,5060000277166,"0,75 kg",,30 × 20 × 10 cm,0,Pre-Order,false,TRUE,https://cdn.example-supplier.test/img/nw-1102.jpg,<p>Designed for daily use.<br>Guaranteed for two years.</p>,"kitchen, catalogue",2026-09-03T07:30:00Z,NW/0034
fender-nw-1105,NW-1105,Heavyweight Fender,Vellum,Stationery,"1.299,00",519.60,,5060000285086,340,g,1.2 x 0.4 x 0.4 m,0,Discontinued,TRUE,yes,//cdn.example-supplier.test/img/nw-1105.jpg,"<p>A workshop staple &mdash; nothing clever, just well made.</p>","stationery, catalogue",2026-09-04T08:30:00Z,NW/0035
mallet-nw-1108,NW-1108,RUBBER FACED MALLET,HARBOURLINE OUTFITTERS,Marine,"$1,299.00",519.60,1688.70,5060000293005,2.5,kg,12 x 8 x 4 in,14,In Stock,yes,1,https://cdn.example-supplier.test/img/nw-1108.jpg,<p>Made in small batches and finished by hand. Ships flat.</p>,"marine, catalogue",2026-09-05T00:30:00Z,NW/0036
colander-nw-1111,NW-1111,stackable colander,KESTREL & CO.,Storage,49.99,20.00,,5060000300925,500 g,,300mm x 200mm x 100mm,3,instock,1,N,https://cdn.example-supplier.test/img/nw-1111.jpg,<p>Hard-wearing &amp; simple to clean. Sold singly.</p>,"storage, catalogue",2026-09-06T01:30:00Z,NW/0037
sketchbook-nw-1114,NW-1114,Stainless Sketchbook,Marrow Tool Works Ltd,Lighting,"  18,50  ",7.40,,5060000308846,1.1lb,,30 × 20 × 10 cm,0,OUT OF STOCK,N,false,https://cdn.example-supplier.test/img/nw-1114.jpg,<p>Designed for daily use.<br>Guaranteed for two years.</p>,"lighting, catalogue",2026-09-07T02:30:00Z,NW/0038
bilge-pump-nw-1117,NW-1117,ENAMELLED BILGE PUMP,pennyroyal,Workshop,USD 45.50,18.20,,5060000316766,12 oz,,1.2 x 0.4 x 0.4 m,0,Back-Order,false,TRUE,https://cdn.example-supplier.test/img/nw-1117.jpg,"<p>A workshop staple &mdash; nothing clever, just well made.</p>","workshop, catalogue",2026-09-08T03:30:00Z,NW/0039
tool-roll-nw-1120,NW-1120,bevel edge tool roll,salt marsh supply,Outdoor,$7.25,2.90,9.43,5060000324679,"0,75 kg",,12 x 8 x 4 in,0,Pre-Order,TRUE,yes,//cdn.example-supplier.test/img/nw-1120.jpg,<p>Made in small batches and finished by hand. Ships flat.</p>,"outdoor, catalogue",2026-09-01T04:30:00Z,NW/0040
crate-nw-1123,NW-1123,Perforated Crate,Vellum,Hand Tools,"1.299,00",519.60,,5060000332599,340,g,300mm x 200mm x 100mm,0,Discontinued,yes,1,https://cdn.example-supplier.test/img/nw-1123.jpg,<p>Hard-wearing &amp; simple to clean. Sold singly.</p>,"hand tools, catalogue",2026-09-02T05:30:00Z,NW/0041
head-torch-nw-1126,NW-1126,USB-C RECHARGEABLE HEAD TORCH,HARBOURLINE OUTFITTERS,Kitchen,"$1,299.00",519.60,,5060000340518,2.5,kg,30 × 20 × 10 cm,14,In Stock,1,N,https://cdn.example-supplier.test/img/nw-1126.jpg,<p>Designed for daily use.<br>Guaranteed for two years.</p>,"kitchen, catalogue",2026-09-03T06:30:00Z,NW/0042
bench-hook-nw-1129,NW-1129,lidded bench hook,KESTREL & CO.,Stationery,49.99,20.00,,5060000348439,500 g,,1.2 x 0.4 x 0.4 m,3,instock,N,false,https://cdn.example-supplier.test/img/nw-1129.jpg,"<p>A workshop staple &mdash; nothing clever, just well made.</p>","stationery, catalogue",2026-09-04T07:30:00Z,NW/0043
butter-dish-nw-1132,NW-1132,Ruled A5 Butter Dish,Marrow Tool Works Ltd,Marine,"  18,50  ",7.40,24.05,5060000356359,1.1lb,,12 x 8 x 4 in,0,OUT OF STOCK,false,TRUE,https://cdn.example-supplier.test/img/nw-1132.jpg,<p>Made in small batches and finished by hand. Ships flat.</p>,"marine, catalogue",2026-09-05T08:30:00Z,NW/0044
index-cards-nw-1135,NW-1135,AIRTIGHT INDEX CARDS,pennyroyal,Storage,USD 45.50,18.20,,5060000364279,12 oz,,300mm x 200mm x 100mm,0,Back-Order,TRUE,yes,//cdn.example-supplier.test/img/nw-1135.jpg,<p>Hard-wearing &amp; simple to clean. Sold singly.</p>,"storage, catalogue",2026-09-06T00:30:00Z,NW/0045
cleat-nw-1138,NW-1138,hardback cleat,salt marsh supply,Lighting,$7.25,2.90,,5060000372199,"0,75 kg",,30 × 20 × 10 cm,0,Pre-Order,yes,1,https://cdn.example-supplier.test/img/nw-1138.jpg,<p>Designed for daily use.<br>Guaranteed for two years.</p>,"lighting, catalogue",2026-09-07T01:30:00Z,NW/0046
bin-nw-1141,NW-1141,Beech Bin,Vellum,Workshop,"1.299,00",519.60,,5060000380118,340,g,1.2 x 0.4 x 0.4 m,0,Discontinued,1,N,https://cdn.example-supplier.test/img/nw-1141.jpg,"<p>A workshop staple &mdash; nothing clever, just well made.</p>","workshop, catalogue",2026-09-08T02:30:00Z,NW/0047
lantern-nw-1144,NW-1144,BRASS LANTERN,HARBOURLINE OUTFITTERS,Outdoor,"$1,299.00",519.60,1688.70,5060000388039,2.5,kg,12 x 8 x 4 in,14,In Stock,N,false,https://cdn.example-supplier.test/img/nw-1144.jpg,<p>Made in small batches and finished by hand. Ships flat.</p>,"outdoor, catalogue",2026-09-01T03:30:00Z,NW/0048
dry-bag-nw-1147,NW-1147,stiff bristle dry bag,KESTREL & CO.,Hand Tools,49.99,20.00,,5060000395952,500 g,,300mm x 200mm x 100mm,3,instock,false,TRUE,https://cdn.example-supplier.test/img/nw-1147.jpg,<p>Hard-wearing &amp; simple to clean. Sold singly.</p>,"hand tools, catalogue",2026-09-02T04:30:00Z,NW/0049
chisel-nw-1150,NW-1150,Cloth Bound Chisel,Marrow Tool Works Ltd,Kitchen,"  18,50  ",7.40,,5060000403862,1.1lb,,30 × 20 × 10 cm,0,OUT OF STOCK,TRUE,yes,//cdn.example-supplier.test/img/nw-1150.jpg,<p>Designed for daily use.<br>Guaranteed for two years.</p>,"kitchen, catalogue",2026-09-03T05:30:00Z,NW/0050
mixing-bowl-nw-1153,NW-1153,MANUAL 12V MIXING BOWL,pennyroyal,Stationery,USD 45.50,18.20,,5060000411782,12 oz,,1.2 x 0.4 x 0.4 m,0,Back-Order,yes,1,https://cdn.example-supplier.test/img/nw-1153.jpg,"<p>A workshop staple &mdash; nothing clever, just well made.</p>","stationery, catalogue",2026-09-04T06:30:00Z,NW/0051
notebook-nw-1156,NW-1156,stoneware notebook,salt marsh supply,Marine,$7.25,2.90,9.43,5060000419702,"0,75 kg",,12 x 8 x 4 in,0,Pre-Order,1,N,https://cdn.example-supplier.test/img/nw-1156.jpg,<p>Made in small batches and finished by hand. Ships flat.</p>,"marine, catalogue",2026-09-05T07:30:00Z,NW/0052
deck-brush-nw-1159,NW-1159,Waxed Canvas Deck Brush,Vellum,Storage,"1.299,00",519.60,,5060000427622,340,g,300mm x 200mm x 100mm,0,Discontinued,N,false,https://cdn.example-supplier.test/img/nw-1159.jpg,<p>Hard-wearing &amp; simple to clean. Sold singly.</p>,"storage, catalogue",2026-09-06T08:30:00Z,NW/0053
rope-ladder-nw-1162,NW-1162,BRAIDED 9M ROPE LADDER,HARBOURLINE OUTFITTERS,Lighting,"$1,299.00",519.60,,5060000435542,2.5,kg,30 × 20 × 10 cm,14,In Stock,false,TRUE,https://cdn.example-supplier.test/img/nw-1162.jpg,<p>Designed for daily use.<br>Guaranteed for two years.</p>,"lighting, catalogue",2026-09-07T00:30:00Z,NW/0054
tote-nw-1165,NW-1165,cylindrical tote,KESTREL & CO.,Workshop,49.99,20.00,,5060000443462,500 g,,1.2 x 0.4 x 0.4 m,3,instock,TRUE,yes,//cdn.example-supplier.test/img/nw-1165.jpg,"<p>A workshop staple &mdash; nothing clever, just well made.</p>","workshop, catalogue",2026-09-08T01:30:00Z,NW/0055
hand-plane-nw-1168,NW-1168,Four Pocket Hand Plane,Marrow Tool Works Ltd,Outdoor,"  18,50  ",7.40,24.05,5060000451382,1.1lb,,12 x 8 x 4 in,0,OUT OF STOCK,yes,1,https://cdn.example-supplier.test/img/nw-1168.jpg,<p>Made in small batches and finished by hand. Ships flat.</p>,"outdoor, catalogue",2026-09-01T02:30:00Z,NW/0056
tea-caddy-nw-1171,NW-1171,GRIDDED TEA CADDY,pennyroyal,Hand Tools,USD 45.50,18.20,,5060000459302,12 oz,,300mm x 200mm x 100mm,0,Back-Order,1,N,https://cdn.example-supplier.test/img/nw-1171.jpg,<p>Hard-wearing &amp; simple to clean. Sold singly.</p>,"hand tools, catalogue",2026-09-02T03:30:00Z,NW/0057
ledger-nw-1174,NW-1174,oak handled ledger,salt marsh supply,Kitchen,$7.25,2.90,,5060000467222,"0,75 kg",,30 × 20 × 10 cm,0,Pre-Order,N,false,https://cdn.example-supplier.test/img/nw-1174.jpg,<p>Designed for daily use.<br>Guaranteed for two years.</p>,"kitchen, catalogue",2026-09-03T04:30:00Z,NW/0058
fender-nw-1177,NW-1177,Heavyweight Fender,Vellum,Stationery,"1.299,00",519.60,,5060000475142,340,g,1.2 x 0.4 x 0.4 m,0,Discontinued,false,TRUE,https://cdn.example-supplier.test/img/nw-1177.jpg,"<p>A workshop staple &mdash; nothing clever, just well made.</p>","stationery, catalogue",2026-09-04T05:30:00Z,NW/0059
mallet-nw-1180,NW-1180,RUBBER FACED MALLET,HARBOURLINE OUTFITTERS,Marine,"$1,299.00",519.60,1688.70,5060000483055,2.5,kg,12 x 8 x 4 in,14,In Stock,TRUE,yes,//cdn.example-supplier.test/img/nw-1180.jpg,<p>Made in small batches and finished by hand. Ships flat.</p>,"marine, catalogue",2026-09-05T06:30:00Z,NW/0060
colander-nw-1183,NW-1183,stackable colander,KESTREL & CO.,Storage,49.99,20.00,,5060000490978,500 g,,300mm x 200mm x 100mm,3,instock,yes,1,https://cdn.example-supplier.test/img/nw-1183.jpg,<p>Hard-wearing &amp; simple to clean. Sold singly.</p>,"storage, catalogue",2026-09-06T07:30:00Z,NW/0061
sketchbook-nw-1186,NW-1186,Stainless Sketchbook,Marrow Tool Works Ltd,Lighting,"  18,50  ",7.40,,5060000498899,1.1lb,,30 × 20 × 10 cm,0,OUT OF STOCK,1,N,https://cdn.example-supplier.test/img/nw-1186.jpg,<p>Designed for daily use.<br>Guaranteed for two years.</p>,"lighting, catalogue",2026-09-07T08:30:00Z,NW/0062
bilge-pump-nw-1189,NW-1189,ENAMELLED BILGE PUMP,pennyroyal,Workshop,USD 45.50,18.20,,5060000506815,12 oz,,1.2 x 0.4 x 0.4 m,0,Back-Order,N,false,https://cdn.example-supplier.test/img/nw-1189.jpg,"<p>A workshop staple &mdash; nothing clever, just well made.</p>","workshop, catalogue",2026-09-08T00:30:00Z,NW/0063
tool-roll-nw-1192,NW-1192,bevel edge tool roll,salt marsh supply,Outdoor,$7.25,2.90,9.43,5060000514735,"0,75 kg",,12 x 8 x 4 in,0,Pre-Order,false,TRUE,https://cdn.example-supplier.test/img/nw-1192.jpg,<p>Made in small batches and finished by hand. Ships flat.</p>,"outdoor, catalogue",2026-09-01T01:30:00Z,NW/0064
crate-nw-1195,NW-1195,Perforated Crate,Vellum,Hand Tools,"1.299,00",519.60,,5060000522655,340,g,300mm x 200mm x 100mm,0,Discontinued,TRUE,yes,//cdn.example-supplier.test/img/nw-1195.jpg,<p>Hard-wearing &amp; simple to clean. Sold singly.</p>,"hand tools, catalogue",2026-09-02T02:30:00Z,NW/0065
head-torch-nw-1198,NW-1198,USB-C RECHARGEABLE HEAD TORCH,HARBOURLINE OUTFITTERS,Kitchen,"$1,299.00",519.60,,5060000530575,2.5,kg,30 × 20 × 10 cm,14,In Stock,yes,1,https://cdn.example-supplier.test/img/nw-1198.jpg,<p>Designed for daily use.<br>Guaranteed for two years.</p>,"kitchen, catalogue",2026-09-03T03:30:00Z,NW/0066
bench-hook-nw-1201,NW-1201,lidded bench hook,KESTREL & CO.,Stationery,49.99,20.00,,5060000538496,500 g,,1.2 x 0.4 x 0.4 m,3,instock,1,N,https://cdn.example-supplier.test/img/nw-1201.jpg,"<p>A workshop staple &mdash; nothing clever, just well made.</p>","stationery, catalogue",2026-09-04T04:30:00Z,NW/0067
butter-dish-nw-1204,NW-1204,Ruled A5 Butter Dish,Marrow Tool Works Ltd,Marine,"  18,50  ",7.40,24.05,5060000546415,1.1lb,,12 x 8 x 4 in,0,OUT OF STOCK,N,false,https://cdn.example-supplier.test/img/nw-1204.jpg,<p>Made in small batches and finished by hand. Ships flat.</p>,"marine, catalogue",2026-09-05T05:30:00Z,NW/0068
index-cards-nw-1207,NW-1207,AIRTIGHT INDEX CARDS,pennyroyal,Storage,USD 45.50,18.20,,5060000554335,12 oz,,300mm x 200mm x 100mm,0,Back-Order,false,TRUE,https://cdn.example-supplier.test/img/nw-1207.jpg,<p>Hard-wearing &amp; simple to clean. Sold singly.</p>,"storage, catalogue",2026-09-06T06:30:00Z,NW/0069
cleat-nw-1210,NW-1210,hardback cleat,salt marsh supply,Lighting,$7.25,2.90,,5060000562248,"0,75 kg",,30 × 20 × 10 cm,0,Pre-Order,TRUE,yes,//cdn.example-supplier.test/img/nw-1210.jpg,<p>Designed for daily use.<br>Guaranteed for two years.</p>,"lighting, catalogue",2026-09-07T07:30:00Z,NW/0070
bin-nw-1213,NW-1213,Beech Bin,Vellum,Workshop,"1.299,00",519.60,,5060000570168,340,g,1.2 x 0.4 x 0.4 m,0,Discontinued,yes,1,https://cdn.example-supplier.test/img/nw-1213.jpg,"<p>A workshop staple &mdash; nothing clever, just well made.</p>","workshop, catalogue",2026-09-08T08:30:00Z,NW/0071
lantern-nw-1216,NW-1216,BRASS LANTERN,HARBOURLINE OUTFITTERS,Outdoor,"$1,299.00",519.60,1688.70,5060000578089,2.5,kg,12 x 8 x 4 in,14,In Stock,1,N,https://cdn.example-supplier.test/img/nw-1216.jpg,<p>Made in small batches and finished by hand. Ships flat.</p>,"outdoor, catalogue",2026-09-01T00:30:00Z,NW/0072
dry-bag-nw-1219,NW-1219,stiff bristle dry bag,KESTREL & CO.,Hand Tools,49.99,20.00,,5060000586008,500 g,,300mm x 200mm x 100mm,3,instock,N,false,https://cdn.example-supplier.test/img/nw-1219.jpg,<p>Hard-wearing &amp; simple to clean. Sold singly.</p>,"hand tools, catalogue",2026-09-02T01:30:00Z,NW/0073
chisel-nw-1222,NW-1222,Cloth Bound Chisel,Marrow Tool Works Ltd,Kitchen,"  18,50  ",7.40,,5060000593921,1.1lb,,30 × 20 × 10 cm,0,OUT OF STOCK,false,TRUE,https://cdn.example-supplier.test/img/nw-1222.jpg,<p>Designed for daily use.<br>Guaranteed for two years.</p>,"kitchen, catalogue",2026-09-03T02:30:00Z,NW/0074
mixing-bowl-nw-1225,NW-1225,MANUAL 12V MIXING BOWL,pennyroyal,Stationery,USD 45.50,18.20,,5060000601848,12 oz,,1.2 x 0.4 x 0.4 m,0,Back-Order,TRUE,yes,//cdn.example-supplier.test/img/nw-1225.jpg,"<p>A workshop staple &mdash; nothing clever, just well made.</p>","stationery, catalogue",2026-09-04T03:30:00Z,NW/0075
notebook-nw-1228,NW-1228,stoneware notebook,salt marsh supply,Marine,$7.25,2.90,9.43,5060000609769,"0,75 kg",,12 x 8 x 4 in,0,Pre-Order,yes,1,https://cdn.example-supplier.test/img/nw-1228.jpg,<p>Made in small batches and finished by hand. Ships flat.</p>,"marine, catalogue",2026-09-05T04:30:00Z,NW/0076
deck-brush-nw-1231,NW-1231,Waxed Canvas Deck Brush,Vellum,Storage,"1.299,00",519.60,,5060000617689,340,g,300mm x 200mm x 100mm,0,Discontinued,1,N,https://cdn.example-supplier.test/img/nw-1231.jpg,<p>Hard-wearing &amp; simple to clean. Sold singly.</p>,"storage, catalogue",2026-09-06T05:30:00Z,NW/0077
rope-ladder-nw-1234,NW-1234,BRAIDED 9M ROPE LADDER,HARBOURLINE OUTFITTERS,Lighting,"$1,299.00",519.60,,5060000625608,2.5,kg,30 × 20 × 10 cm,14,In Stock,N,false,https://cdn.example-supplier.test/img/nw-1234.jpg,<p>Designed for daily use.<br>Guaranteed for two years.</p>,"lighting, catalogue",2026-09-07T06:30:00Z,NW/0078
tote-nw-1237,NW-1237,cylindrical tote,KESTREL & CO.,Workshop,49.99,20.00,,5060000633528,500 g,,1.2 x 0.4 x 0.4 m,3,instock,false,TRUE,https://cdn.example-supplier.test/img/nw-1237.jpg,"<p>A workshop staple &mdash; nothing clever, just well made.</p>","workshop, catalogue",2026-09-08T07:30:00Z,NW/0079
hand-plane-nw-1240,NW-1240,Four Pocket Hand Plane,Marrow Tool Works Ltd,Outdoor,"  18,50  ",7.40,24.05,5060000641431,1.1lb,,12 x 8 x 4 in,0,OUT OF STOCK,TRUE,yes,//cdn.example-supplier.test/img/nw-1240.jpg,<p>Made in small batches and finished by hand. Ships flat.</p>,"outdoor, catalogue",2026-09-01T08:30:00Z,NW/0080
tea-caddy-nw-1243,NW-1243,GRIDDED TEA CADDY,pennyroyal,Hand Tools,USD 45.50,18.20,,5060000649352,12 oz,,300mm x 200mm x 100mm,0,Back-Order,yes,1,https://cdn.example-supplier.test/img/nw-1243.jpg,<p>Hard-wearing &amp; simple to clean. Sold singly.</p>,"hand tools, catalogue",2026-09-02T00:30:00Z,NW/0081
ledger-nw-1246,NW-1246,oak handled ledger,salt marsh supply,Kitchen,$7.25,2.90,,5060000657272,"0,75 kg",,30 × 20 × 10 cm,0,Pre-Order,1,N,https://cdn.example-supplier.test/img/nw-1246.jpg,<p>Designed for daily use.<br>Guaranteed for two years.</p>,"kitchen, catalogue",2026-09-03T01:30:00Z,NW/0082
fender-nw-1249,NW-1249,Heavyweight Fender,Vellum,Stationery,"1.299,00",519.60,,5060000665192,340,g,1.2 x 0.4 x 0.4 m,0,Discontinued,N,false,https://cdn.example-supplier.test/img/nw-1249.jpg,"<p>A workshop staple &mdash; nothing clever, just well made.</p>","stationery, catalogue",2026-09-04T02:30:00Z,NW/0083
mallet-nw-1252,NW-1252,RUBBER FACED MALLET,HARBOURLINE OUTFITTERS,Marine,"$1,299.00",519.60,1688.70,5060000673111,2.5,kg,12 x 8 x 4 in,14,In Stock,false,TRUE,https://cdn.example-supplier.test/img/nw-1252.jpg,<p>Made in small batches and finished by hand. Ships flat.</p>,"marine, catalogue",2026-09-05T03:30:00Z,NW/0084
colander-nw-1255,NW-1255,stackable colander,KESTREL & CO.,Storage,49.99,20.00,,5060000681031,500 g,,300mm x 200mm x 100mm,3,instock,TRUE,yes,//cdn.example-supplier.test/img/nw-1255.jpg,<p>Hard-wearing &amp; simple to clean. Sold singly.</p>,"storage, catalogue",2026-09-06T04:30:00Z,NW/0085
sketchbook-nw-1258,NW-1258,Stainless Sketchbook,Marrow Tool Works Ltd,Lighting,"  18,50  ",7.40,,5060000688955,1.1lb,,30 × 20 × 10 cm,0,OUT OF STOCK,yes,1,https://cdn.example-supplier.test/img/nw-1258.jpg,<p>Designed for daily use.<br>Guaranteed for two years.</p>,"lighting, catalogue",2026-09-07T05:30:00Z,NW/0086
bilge-pump-nw-1261,NW-1261,ENAMELLED BILGE PUMP,pennyroyal,Workshop,USD 45.50,18.20,,5060000696875,12 oz,,1.2 x 0.4 x 0.4 m,0,Back-Order,1,N,https://cdn.example-supplier.test/img/nw-1261.jpg,"<p>A workshop staple &mdash; nothing clever, just well made.</p>","workshop, catalogue",2026-09-08T06:30:00Z,NW/0087
tool-roll-nw-1264,NW-1264,bevel edge tool roll,salt marsh supply,Outdoor,$7.25,2.90,9.43,5060000704792,"0,75 kg",,12 x 8 x 4 in,0,Pre-Order,N,false,https://cdn.example-supplier.test/img/nw-1264.jpg,<p>Made in small batches and finished by hand. Ships flat.</p>,"outdoor, catalogue",2026-09-01T07:30:00Z,NW/0088
crate-nw-1267,NW-1267,Perforated Crate,Vellum,Hand Tools,"1.299,00",519.60,,5060000712711,340,g,300mm x 200mm x 100mm,0,Discontinued,false,TRUE,https://cdn.example-supplier.test/img/nw-1267.jpg,<p>Hard-wearing &amp; simple to clean. Sold singly.</p>,"hand tools, catalogue",2026-09-02T08:30:00Z,NW/0089
head-torch-nw-1270,NW-1270,USB-C RECHARGEABLE HEAD TORCH,HARBOURLINE OUTFITTERS,Kitchen,"$1,299.00",519.60,,5060000720624,2.5,kg,30 × 20 × 10 cm,14,In Stock,TRUE,yes,//cdn.example-supplier.test/img/nw-1270.jpg,<p>Designed for daily use.<br>Guaranteed for two years.</p>,"kitchen, catalogue",2026-09-03T00:30:00Z,NW/0090
bench-hook-nw-1273,NW-1273,lidded bench hook,KESTREL & CO.,Stationery,49.99,20.00,,5060000728545,500 g,,1.2 x 0.4 x 0.4 m,3,instock,yes,1,https://cdn.example-supplier.test/img/nw-1273.jpg,"<p>A workshop staple &mdash; nothing clever, just well made.</p>","stationery, catalogue",2026-09-04T01:30:00Z,NW/0091
butter-dish-nw-1276,NW-1276,Ruled A5 Butter Dish,Marrow Tool Works Ltd,Marine,"  18,50  ",7.40,24.05,5060000736465,1.1lb,,12 x 8 x 4 in,0,OUT OF STOCK,1,N,https://cdn.example-supplier.test/img/nw-1276.jpg,<p>Made in small batches and finished by hand. Ships flat.</p>,"marine, catalogue",2026-09-05T02:30:00Z,NW/0092
index-cards-nw-1279,NW-1279,AIRTIGHT INDEX CARDS,pennyroyal,Storage,USD 45.50,18.20,,5060000744385,12 oz,,300mm x 200mm x 100mm,0,Back-Order,N,false,https://cdn.example-supplier.test/img/nw-1279.jpg,<p>Hard-wearing &amp; simple to clean. Sold singly.</p>,"storage, catalogue",2026-09-06T03:30:00Z,NW/0093
cleat-nw-1282,NW-1282,hardback cleat,salt marsh supply,Lighting,$7.25,2.90,,5060000752304,"0,75 kg",,30 × 20 × 10 cm,0,Pre-Order,false,TRUE,https://cdn.example-supplier.test/img/nw-1282.jpg,<p>Designed for daily use.<br>Guaranteed for two years.</p>,"lighting, catalogue",2026-09-07T04:30:00Z,NW/0094
bin-nw-1285,NW-1285,Beech Bin,Vellum,Workshop,"1.299,00",519.60,,5060000760224,340,g,1.2 x 0.4 x 0.4 m,0,Discontinued,TRUE,yes,//cdn.example-supplier.test/img/nw-1285.jpg,"<p>A workshop staple &mdash; nothing clever, just well made.</p>","workshop, catalogue",2026-09-08T05:30:00Z,NW/0095
lantern-nw-1288,NW-1288,BRASS LANTERN,HARBOURLINE OUTFITTERS,Outdoor,"$1,299.00",519.60,1688.70,5060000768145,2.5,kg,12 x 8 x 4 in,14,In Stock,yes,1,https://cdn.example-supplier.test/img/nw-1288.jpg,<p>Made in small batches and finished by hand. Ships flat.</p>,"outdoor, catalogue",2026-09-01T06:30:00Z,NW/0096
dry-bag-nw-1291,NW-1291,stiff bristle dry bag,KESTREL & CO.,Hand Tools,49.99,20.00,,5060000776065,500 g,,300mm x 200mm x 100mm,3,instock,1,N,https://cdn.example-supplier.test/img/nw-1291.jpg,<p>Hard-wearing &amp; simple to clean. Sold singly.</p>,"hand tools, catalogue",2026-09-02T07:30:00Z,NW/0097
chisel-nw-1294,NW-1294,Cloth Bound Chisel,Marrow Tool Works Ltd,Kitchen,"  18,50  ",7.40,,5060000783988,1.1lb,,30 × 20 × 10 cm,0,OUT OF STOCK,N,false,https://cdn.example-supplier.test/img/nw-1294.jpg,<p>Designed for daily use.<br>Guaranteed for two years.</p>,"kitchen, catalogue",2026-09-03T08:30:00Z,NW/0098
mixing-bowl-nw-1297,NW-1297,MANUAL 12V MIXING BOWL,pennyroyal,Stationery,USD 45.50,18.20,,5060000791907,12 oz,,1.2 x 0.4 x 0.4 m,0,Back-Order,false,TRUE,https://cdn.example-supplier.test/img/nw-1297.jpg,"<p>A workshop staple &mdash; nothing clever, just well made.</p>","stationery, catalogue",2026-09-04T00:30:00Z,NW/0099
notebook-nw-1300,NW-1300,stoneware notebook,salt marsh supply,Marine,$7.25,2.90,9.43,5060000799811,"0,75 kg",,12 x 8 x 4 in,0,Pre-Order,TRUE,yes,//cdn.example-supplier.test/img/nw-1300.jpg,<p>Made in small batches and finished by hand. Ships flat.</p>,"marine, catalogue",2026-09-05T01:30:00Z,NW/0100
deck-brush-nw-1303,NW-1303,Waxed Canvas Deck Brush,Vellum,Storage,"1.299,00",519.60,,5060000807738,340,g,300mm x 200mm x 100mm,0,Discontinued,yes,1,https://cdn.example-supplier.test/img/nw-1303.jpg,<p>Hard-wearing &amp; simple to clean. Sold singly.</p>,"storage, catalogue",2026-09-06T02:30:00Z,NW/0101
rope-ladder-nw-1306,NW-1306,BRAIDED 9M ROPE LADDER,HARBOURLINE OUTFITTERS,Lighting,"$1,299.00",519.60,,5060000815658,2.5,kg,30 × 20 × 10 cm,14,In Stock,1,N,https://cdn.example-supplier.test/img/nw-1306.jpg,<p>Designed for daily use.<br>Guaranteed for two years.</p>,"lighting, catalogue",2026-09-07T03:30:00Z,NW/0102
tote-nw-1309,NW-1309,cylindrical tote,KESTREL & CO.,Workshop,49.99,20.00,,5060000823578,500 g,,1.2 x 0.4 x 0.4 m,3,instock,N,false,https://cdn.example-supplier.test/img/nw-1309.jpg,"<p>A workshop staple &mdash; nothing clever, just well made.</p>","workshop, catalogue",2026-09-08T04:30:00Z,NW/0103
hand-plane-nw-1312,NW-1312,Four Pocket Hand Plane,Marrow Tool Works Ltd,Outdoor,"  18,50  ",7.40,24.05,5060000831498,1.1lb,,12 x 8 x 4 in,0,OUT OF STOCK,false,TRUE,https://cdn.example-supplier.test/img/nw-1312.jpg,<p>Made in small batches and finished by hand. Ships flat.</p>,"outdoor, catalogue",2026-09-01T05:30:00Z,NW/0104
tea-caddy-nw-1315,NW-1315,GRIDDED TEA CADDY,pennyroyal,Hand Tools,USD 45.50,18.20,,5060000839418,12 oz,,300mm x 200mm x 100mm,0,Back-Order,TRUE,yes,//cdn.example-supplier.test/img/nw-1315.jpg,<p>Hard-wearing &amp; simple to clean. Sold singly.</p>,"hand tools, catalogue",2026-09-02T06:30:00Z,NW/0105
ledger-nw-1318,NW-1318,oak handled ledger,salt marsh supply,Kitchen,$7.25,2.90,,5060000847338,"0,75 kg",,30 × 20 × 10 cm,0,Pre-Order,yes,1,https://cdn.example-supplier.test/img/nw-1318.jpg,<p>Designed for daily use.<br>Guaranteed for two years.</p>,"kitchen, catalogue",2026-09-03T07:30:00Z,NW/0106
fender-nw-1321,NW-1321,Heavyweight Fender,Vellum,Stationery,"1.299,00",519.60,,5060000855258,340,g,1.2 x 0.4 x 0.4 m,0,Discontinued,1,N,https://cdn.example-supplier.test/img/nw-1321.jpg,"<p>A workshop staple &mdash; nothing clever, just well made.</p>","stationery, catalogue",2026-09-04T08:30:00Z,NW/0107
mallet-nw-1324,NW-1324,RUBBER FACED MALLET,HARBOURLINE OUTFITTERS,Marine,"$1,299.00",519.60,1688.70,5060000863178,2.5,kg,12 x 8 x 4 in,14,In Stock,N,false,https://cdn.example-supplier.test/img/nw-1324.jpg,<p>Made in small batches and finished by hand. Ships flat.</p>,"marine, catalogue",2026-09-05T00:30:00Z,NW/0108
colander-nw-1327,NW-1327,stackable colander,KESTREL & CO.,Storage,49.99,20.00,,5060000871098,500 g,,300mm x 200mm x 100mm,3,instock,false,TRUE,https://cdn.example-supplier.test/img/nw-1327.jpg,<p>Hard-wearing &amp; simple to clean. Sold singly.</p>,"storage, catalogue",2026-09-06T01:30:00Z,NW/0109
sketchbook-nw-1330,NW-1330,Stainless Sketchbook,Marrow Tool Works Ltd,Lighting,"  18,50  ",7.40,,5060000879001,1.1lb,,30 × 20 × 10 cm,0,OUT OF STOCK,TRUE,yes,//cdn.example-supplier.test/img/nw-1330.jpg,<p>Designed for daily use.<br>Guaranteed for two years.</p>,"lighting, catalogue",2026-09-07T02:30:00Z,NW/0110
bilge-pump-nw-1333,NW-1333,ENAMELLED BILGE PUMP,pennyroyal,Workshop,USD 45.50,18.20,,5060000886924,12 oz,,1.2 x 0.4 x 0.4 m,0,Back-Order,yes,1,https://cdn.example-supplier.test/img/nw-1333.jpg,"<p>A workshop staple &mdash; nothing clever, just well made.</p>","workshop, catalogue",2026-09-08T03:30:00Z,NW/0111
tool-roll-nw-1336,NW-1336,bevel edge tool roll,salt marsh supply,Outdoor,$7.25,2.90,9.43,5060000894844,"0,75 kg",,12 x 8 x 4 in,0,Pre-Order,1,N,https://cdn.example-supplier.test/img/nw-1336.jpg,<p>Made in small batches and finished by hand. Ships flat.</p>,"outdoor, catalogue",2026-09-01T04:30:00Z,NW/0112
crate-nw-1339,NW-1339,Perforated Crate,Vellum,Hand Tools,"1.299,00",519.60,,5060000902761,340,g,300mm x 200mm x 100mm,0,Discontinued,N,false,https://cdn.example-supplier.test/img/nw-1339.jpg,<p>Hard-wearing &amp; simple to clean. Sold singly.</p>,"hand tools, catalogue",2026-09-02T05:30:00Z,NW/0113
head-torch-nw-1342,NW-1342,USB-C RECHARGEABLE HEAD TORCH,HARBOURLINE OUTFITTERS,Kitchen,"$1,299.00",519.60,,5060000910681,2.5,kg,30 × 20 × 10 cm,14,In Stock,false,TRUE,https://cdn.example-supplier.test/img/nw-1342.jpg,<p>Designed for daily use.<br>Guaranteed for two years.</p>,"kitchen, catalogue",2026-09-03T06:30:00Z,NW/0114
bench-hook-nw-1345,NW-1345,lidded bench hook,KESTREL & CO.,Stationery,49.99,20.00,,5060000918601,500 g,,1.2 x 0.4 x 0.4 m,3,instock,TRUE,yes,//cdn.example-supplier.test/img/nw-1345.jpg,"<p>A workshop staple &mdash; nothing clever, just well made.</p>","stationery, catalogue",2026-09-04T07:30:00Z,NW/0115
butter-dish-nw-1348,NW-1348,Ruled A5 Butter Dish,Marrow Tool Works Ltd,Marine,"  18,50  ",7.40,24.05,5060000926521,1.1lb,,12 x 8 x 4 in,0,OUT OF STOCK,yes,1,https://cdn.example-supplier.test/img/nw-1348.jpg,<p>Made in small batches and finished by hand. Ships flat.</p>,"marine, catalogue",2026-09-05T08:30:00Z,NW/0116
index-cards-nw-1351,NW-1351,AIRTIGHT INDEX CARDS,pennyroyal,Storage,USD 45.50,18.20,,5060000934441,12 oz,,300mm x 200mm x 100mm,0,Back-Order,1,N,https://cdn.example-supplier.test/img/nw-1351.jpg,<p>Hard-wearing &amp; simple to clean. Sold singly.</p>,"storage, catalogue",2026-09-06T00:30:00Z,NW/0117
cleat-nw-1354,NW-1354,hardback cleat,salt marsh supply,Lighting,$7.25,2.90,,5060000942361,"0,75 kg",,30 × 20 × 10 cm,0,Pre-Order,N,false,https://cdn.example-supplier.test/img/nw-1354.jpg,<p>Designed for daily use.<br>Guaranteed for two years.</p>,"lighting, catalogue",2026-09-07T01:30:00Z,NW/0118
bin-nw-1357,NW-1357,Beech Bin,Vellum,Workshop,"1.299,00",519.60,,5060000950281,340,g,1.2 x 0.4 x 0.4 m,0,Discontinued,false,TRUE,https://cdn.example-supplier.test/img/nw-1357.jpg,"<p>A workshop staple &mdash; nothing clever, just well made.</p>","workshop, catalogue",2026-09-08T02:30:00Z,NW/0119
lantern-nw-1360,NW-1360,BRASS LANTERN,HARBOURLINE OUTFITTERS,Outdoor,"$1,299.00",519.60,1688.70,5060000958195,2.5,kg,12 x 8 x 4 in,14,In Stock,TRUE,yes,//cdn.example-supplier.test/img/nw-1360.jpg,<p>Made in small batches and finished by hand. Ships flat.</p>,"outdoor, catalogue",2026-09-01T03:30:00Z,NW/0120
dry-bag-nw-1363,NW-1363,stiff bristle dry bag,KESTREL & CO.,Hand Tools,49.99,20.00,,5060000966114,500 g,,300mm x 200mm x 100mm,3,instock,yes,1,https://cdn.example-supplier.test/img/nw-1363.jpg,<p>Hard-wearing &amp; simple to clean. Sold singly.</p>,"hand tools, catalogue",2026-09-02T04:30:00Z,NW/0121
chisel-nw-1366,NW-1366,Cloth Bound Chisel,Marrow Tool Works Ltd,Kitchen,"  18,50  ",7.40,,5060000974034,1.1lb,,30 × 20 × 10 cm,0,OUT OF STOCK,1,N,https://cdn.example-supplier.test/img/nw-1366.jpg,<p>Designed for daily use.<br>Guaranteed for two years.</p>,"kitchen, catalogue",2026-09-03T05:30:00Z,NW/0122
mixing-bowl-nw-1369,NW-1369,MANUAL 12V MIXING BOWL,pennyroyal,Stationery,USD 45.50,18.20,,5060000981957,12 oz,,1.2 x 0.4 x 0.4 m,0,Back-Order,N,false,https://cdn.example-supplier.test/img/nw-1369.jpg,"<p>A workshop staple &mdash; nothing clever, just well made.</p>","stationery, catalogue",2026-09-04T06:30:00Z,NW/0123
notebook-nw-1372,NW-1372,stoneware notebook,salt marsh supply,Marine,$7.25,2.90,9.43,5060000989878,"0,75 kg",,12 x 8 x 4 in,0,Pre-Order,false,TRUE,https://cdn.example-supplier.test/img/nw-1372.jpg,<p>Made in small batches and finished by hand. Ships flat.</p>,"marine, catalogue",2026-09-05T07:30:00Z,NW/0124
deck-brush-nw-1375,NW-1375,Waxed Canvas Deck Brush,Vellum,Storage,"1.299,00",519.60,,5060000997798,340,g,300mm x 200mm x 100mm,0,Discontinued,TRUE,yes,//cdn.example-supplier.test/img/nw-1375.jpg,<p>Hard-wearing &amp; simple to clean. Sold singly.</p>,"storage, catalogue",2026-09-06T08:30:00Z,NW/0125
rope-ladder-nw-1378,NW-1378,BRAIDED 9M ROPE LADDER,HARBOURLINE OUTFITTERS,Lighting,"$1,299.00",519.60,,5060001005713,2.5,kg,30 × 20 × 10 cm,14,In Stock,yes,1,https://cdn.example-supplier.test/img/nw-1378.jpg,<p>Designed for daily use.<br>Guaranteed for two years.</p>,"lighting, catalogue",2026-09-07T00:30:00Z,NW/0126
tote-nw-1381,NW-1381,cylindrical tote,KESTREL & CO.,Workshop,49.99,20.00,,5060001013633,500 g,,1.2 x 0.4 x 0.4 m,3,instock,1,N,https://cdn.example-supplier.test/img/nw-1381.jpg,"<p>A workshop staple &mdash; nothing clever, just well made.</p>","workshop, catalogue",2026-09-08T01:30:00Z,NW/0127
hand-plane-nw-1384,NW-1384,Four Pocket Hand Plane,Marrow Tool Works Ltd,Outdoor,"  18,50  ",7.40,24.05,5060001021553,1.1lb,,12 x 8 x 4 in,0,OUT OF STOCK,N,false,https://cdn.example-supplier.test/img/nw-1384.jpg,<p>Made in small batches and finished by hand. Ships flat.</p>,"outdoor, catalogue",2026-09-01T02:30:00Z,NW/0128
tea-caddy-nw-1387,NW-1387,GRIDDED TEA CADDY,pennyroyal,Hand Tools,USD 45.50,18.20,,5060001029474,12 oz,,300mm x 200mm x 100mm,0,Back-Order,false,TRUE,https://cdn.example-supplier.test/img/nw-1387.jpg,<p>Hard-wearing &amp; simple to clean. Sold singly.</p>,"hand tools, catalogue",2026-09-02T03:30:00Z,NW/0129
ledger-nw-1390,NW-1390,oak handled ledger,salt marsh supply,Kitchen,$7.25,2.90,,5060001037387,"0,75 kg",,30 × 20 × 10 cm,0,Pre-Order,TRUE,yes,//cdn.example-supplier.test/img/nw-1390.jpg,<p>Designed for daily use.<br>Guaranteed for two years.</p>,"kitchen, catalogue",2026-09-03T04:30:00Z,NW/0130
fender-nw-1393,NW-1393,Heavyweight Fender,Vellum,Stationery,"1.299,00",519.60,,5060001045306,340,g,1.2 x 0.4 x 0.4 m,0,Discontinued,yes,1,https://cdn.example-supplier.test/img/nw-1393.jpg,"<p>A workshop staple &mdash; nothing clever, just well made.</p>","stationery, catalogue",2026-09-04T05:30:00Z,NW/0131
mallet-nw-1396,NW-1396,RUBBER FACED MALLET,HARBOURLINE OUTFITTERS,Marine,"$1,299.00",519.60,1688.70,5060001053226,2.5,kg,12 x 8 x 4 in,14,In Stock,1,N,https://cdn.example-supplier.test/img/nw-1396.jpg,<p>Made in small batches and finished by hand. Ships flat.</p>,"marine, catalogue",2026-09-05T06:30:00Z,NW/0132
colander-nw-1399,NW-1399,stackable colander,KESTREL & CO.,Storage,49.99,20.00,,5060001061146,500 g,,300mm x 200mm x 100mm,3,instock,N,false,https://cdn.example-supplier.test/img/nw-1399.jpg,<p>Hard-wearing &amp; simple to clean. Sold singly.</p>,"storage, catalogue",2026-09-06T07:30:00Z,NW/0133
sketchbook-nw-1402,NW-1402,Stainless Sketchbook,Marrow Tool Works Ltd,Lighting,"  18,50  ",7.40,,5060001069067,1.1lb,,30 × 20 × 10 cm,0,OUT OF STOCK,false,TRUE,https://cdn.example-supplier.test/img/nw-1402.jpg,<p>Designed for daily use.<br>Guaranteed for two years.</p>,"lighting, catalogue",2026-09-07T08:30:00Z,NW/0134
bilge-pump-nw-1405,NW-1405,ENAMELLED BILGE PUMP,pennyroyal,Workshop,USD 45.50,18.20,,5060001076980,12 oz,,1.2 x 0.4 x 0.4 m,0,Back-Order,TRUE,yes,//cdn.example-supplier.test/img/nw-1405.jpg,"<p>A workshop staple &mdash; nothing clever, just well made.</p>","workshop, catalogue",2026-09-08T00:30:00Z,NW/0135
tool-roll-nw-1408,NW-1408,bevel edge tool roll,salt marsh supply,Outdoor,$7.25,2.90,9.43,5060001084909,"0,75 kg",,12 x 8 x 4 in,0,Pre-Order,yes,1,https://cdn.example-supplier.test/img/nw-1408.jpg,<p>Made in small batches and finished by hand. Ships flat.</p>,"outdoor, catalogue",2026-09-01T01:30:00Z,NW/0136
crate-nw-1411,NW-1411,Perforated Crate,Vellum,Hand Tools,"1.299,00",519.60,,5060001092829,340,g,300mm x 200mm x 100mm,0,Discontinued,1,N,https://cdn.example-supplier.test/img/nw-1411.jpg,<p>Hard-wearing &amp; simple to clean. Sold singly.</p>,"hand tools, catalogue",2026-09-02T02:30:00Z,NW/0137
head-torch-nw-1414,NW-1414,USB-C RECHARGEABLE HEAD TORCH,HARBOURLINE OUTFITTERS,Kitchen,"$1,299.00",519.60,,5060001100746,2.5,kg,30 × 20 × 10 cm,14,In Stock,N,false,https://cdn.example-supplier.test/img/nw-1414.jpg,<p>Designed for daily use.<br>Guaranteed for two years.</p>,"kitchen, catalogue",2026-09-03T03:30:00Z,NW/0138
bench-hook-nw-1417,NW-1417,lidded bench hook,KESTREL & CO.,Stationery,49.99,20.00,,5060001108667,500 g,,1.2 x 0.4 x 0.4 m,3,instock,false,TRUE,https://cdn.example-supplier.test/img/nw-1417.jpg,"<p>A workshop staple &mdash; nothing clever, just well made.</p>","stationery, catalogue",2026-09-04T04:30:00Z,NW/0139
butter-dish-nw-1420,NW-1420,Ruled A5 Butter Dish,Marrow Tool Works Ltd,Marine,"  18,50  ",7.40,24.05,5060001116570,1.1lb,,12 x 8 x 4 in,0,OUT OF STOCK,TRUE,yes,//cdn.example-supplier.test/img/nw-1420.jpg,<p>Made in small batches and finished by hand. Ships flat.</p>,"marine, catalogue",2026-09-05T05:30:00Z,NW/0140
index-cards-nw-1423,NW-1423,AIRTIGHT INDEX CARDS,pennyroyal,Storage,USD 45.50,18.20,,5060001124490,12 oz,,300mm x 200mm x 100mm,0,Back-Order,yes,1,https://cdn.example-supplier.test/img/nw-1423.jpg,<p>Hard-wearing &amp; simple to clean. Sold singly.</p>,"storage, catalogue",2026-09-06T06:30:00Z,NW/0141
cleat-nw-1426,NW-1426,hardback cleat,salt marsh supply,Lighting,$7.25,2.90,,5060001132419,"0,75 kg",,30 × 20 × 10 cm,0,Pre-Order,1,N,https://cdn.example-supplier.test/img/nw-1426.jpg,<p>Designed for daily use.<br>Guaranteed for two years.</p>,"lighting, catalogue",2026-09-07T07:30:00Z,NW/0142
bin-nw-1429,NW-1429,Beech Bin,Vellum,Workshop,"1.299,00",519.60,,5060001140339,340,g,1.2 x 0.4 x 0.4 m,0,Discontinued,N,false,https://cdn.example-supplier.test/img/nw-1429.jpg,"<p>A workshop staple &mdash; nothing clever, just well made.</p>","workshop, catalogue",2026-09-08T08:30:00Z,NW/0143
lantern-nw-1432,NW-1432,BRASS LANTERN,HARBOURLINE OUTFITTERS,Outdoor,"$1,299.00",519.60,1688.70,5060001148250,2.5,kg,12 x 8 x 4 in,14,In Stock,false,TRUE,https://cdn.example-supplier.test/img/nw-1432.jpg,<p>Made in small batches and finished by hand. Ships flat.</p>,"outdoor, catalogue",2026-09-01T00:30:00Z,NW/0144
dry-bag-nw-1435,NW-1435,stiff bristle dry bag,KESTREL & CO.,Hand Tools,49.99,20.00,,5060001156170,500 g,,300mm x 200mm x 100mm,3,instock,TRUE,yes,//cdn.example-supplier.test/img/nw-1435.jpg,<p>Hard-wearing &amp; simple to clean. Sold singly.</p>,"hand tools, catalogue",2026-09-02T01:30:00Z,NW/0145
chisel-nw-1438,NW-1438,Cloth Bound Chisel,Marrow Tool Works Ltd,Kitchen,"  18,50  ",7.40,,5060001164090,1.1lb,,30 × 20 × 10 cm,0,OUT OF STOCK,yes,1,https://cdn.example-supplier.test/img/nw-1438.jpg,<p>Designed for daily use.<br>Guaranteed for two years.</p>,"kitchen, catalogue",2026-09-03T02:30:00Z,NW/0146
mixing-bowl-nw-1441,NW-1441,MANUAL 12V MIXING BOWL,pennyroyal,Stationery,USD 45.50,18.20,,5060001172019,12 oz,,1.2 x 0.4 x 0.4 m,0,Back-Order,1,N,https://cdn.example-supplier.test/img/nw-1441.jpg,"<p>A workshop staple &mdash; nothing clever, just well made.</p>","stationery, catalogue",2026-09-04T03:30:00Z,NW/0147
notebook-nw-1444,NW-1444,stoneware notebook,salt marsh supply,Marine,$7.25,2.90,9.43,5060001179933,"0,75 kg",,12 x 8 x 4 in,0,Pre-Order,N,false,https://cdn.example-supplier.test/img/nw-1444.jpg,<p>Made in small batches and finished by hand. Ships flat.</p>,"marine, catalogue",2026-09-05T04:30:00Z,NW/0148
deck-brush-nw-1447,NW-1447,Waxed Canvas Deck Brush,Vellum,Storage,"1.299,00",519.60,,5060001187853,340,g,300mm x 200mm x 100mm,0,Discontinued,false,TRUE,https://cdn.example-supplier.test/img/nw-1447.jpg,<p>Hard-wearing &amp; simple to clean. Sold singly.</p>,"storage, catalogue",2026-09-06T05:30:00Z,NW/0149
rope-ladder-nw-1450,NW-1450,BRAIDED 9M ROPE LADDER,HARBOURLINE OUTFITTERS,Lighting,"$1,299.00",519.60,,5060001195766,2.5,kg,30 × 20 × 10 cm,14,In Stock,TRUE,yes,//cdn.example-supplier.test/img/nw-1450.jpg,<p>Designed for daily use.<br>Guaranteed for two years.</p>,"lighting, catalogue",2026-09-07T06:30:00Z,NW/0150
tote-nw-1453,NW-1453,cylindrical tote,KESTREL & CO.,Workshop,49.99,20.00,,5060001203683,500 g,,1.2 x 0.4 x 0.4 m,3,instock,yes,1,https://cdn.example-supplier.test/img/nw-1453.jpg,"<p>A workshop staple &mdash; nothing clever, just well made.</p>","workshop, catalogue",2026-09-08T07:30:00Z,NW/0151
hand-plane-nw-1456,NW-1456,Four Pocket Hand Plane,Marrow Tool Works Ltd,Outdoor,"  18,50  ",7.40,24.05,5060001211602,1.1lb,,12 x 8 x 4 in,0,OUT OF STOCK,1,N,https://cdn.example-supplier.test/img/nw-1456.jpg,<p>Made in small batches and finished by hand. Ships flat.</p>,"outdoor, catalogue",2026-09-01T08:30:00Z,NW/0152
tea-caddy-nw-1459,NW-1459,GRIDDED TEA CADDY,pennyroyal,Hand Tools,USD 45.50,18.20,,5060001219523,12 oz,,300mm x 200mm x 100mm,0,Back-Order,N,false,https://cdn.example-supplier.test/img/nw-1459.jpg,<p>Hard-wearing &amp; simple to clean. Sold singly.</p>,"hand tools, catalogue",2026-09-02T00:30:00Z,NW/0153
ledger-nw-1462,NW-1462,oak handled ledger,salt marsh supply,Kitchen,$7.25,2.90,,5060001227443,"0,75 kg",,30 × 20 × 10 cm,0,Pre-Order,false,TRUE,https://cdn.example-supplier.test/img/nw-1462.jpg,<p>Designed for daily use.<br>Guaranteed for two years.</p>,"kitchen, catalogue",2026-09-03T01:30:00Z,NW/0154
fender-nw-1465,NW-1465,Heavyweight Fender,Vellum,Stationery,"1.299,00",519.60,,5060001235363,340,g,1.2 x 0.4 x 0.4 m,0,Discontinued,TRUE,yes,//cdn.example-supplier.test/img/nw-1465.jpg,"<p>A workshop staple &mdash; nothing clever, just well made.</p>","stationery, catalogue",2026-09-04T02:30:00Z,NW/0155
mallet-nw-1468,NW-1468,RUBBER FACED MALLET,HARBOURLINE OUTFITTERS,Marine,"$1,299.00",519.60,1688.70,5060001243283,2.5,kg,12 x 8 x 4 in,14,In Stock,yes,1,https://cdn.example-supplier.test/img/nw-1468.jpg,<p>Made in small batches and finished by hand. Ships flat.</p>,"marine, catalogue",2026-09-05T03:30:00Z,NW/0156
colander-nw-1471,NW-1471,stackable colander,KESTREL & CO.,Storage,49.99,20.00,,5060001251202,500 g,,300mm x 200mm x 100mm,3,instock,1,N,https://cdn.example-supplier.test/img/nw-1471.jpg,<p>Hard-wearing &amp; simple to clean. Sold singly.</p>,"storage, catalogue",2026-09-06T04:30:00Z,NW/0157
sketchbook-nw-1474,NW-1474,Stainless Sketchbook,Marrow Tool Works Ltd,Lighting,"  18,50  ",7.40,,5060001259123,1.1lb,,30 × 20 × 10 cm,0,OUT OF STOCK,N,false,https://cdn.example-supplier.test/img/nw-1474.jpg,<p>Designed for daily use.<br>Guaranteed for two years.</p>,"lighting, catalogue",2026-09-07T05:30:00Z,NW/0158
bilge-pump-nw-1477,NW-1477,ENAMELLED BILGE PUMP,pennyroyal,Workshop,USD 45.50,18.20,,5060001267043,12 oz,,1.2 x 0.4 x 0.4 m,0,Back-Order,false,TRUE,https://cdn.example-supplier.test/img/nw-1477.jpg,"<p>A workshop staple &mdash; nothing clever, just well made.</p>","workshop, catalogue",2026-09-08T06:30:00Z,NW/0159
tool-roll-nw-1480,NW-1480,bevel edge tool roll,salt marsh supply,Outdoor,$7.25,2.90,9.43,5060001274959,"0,75 kg",,12 x 8 x 4 in,0,Pre-Order,TRUE,yes,//cdn.example-supplier.test/img/nw-1480.jpg,<p>Made in small batches and finished by hand. Ships flat.</p>,"outdoor, catalogue",2026-09-01T07:30:00Z,NW/0160
crate-nw-1483,NW-1483,Perforated Crate,Vellum,Hand Tools,"1.299,00",519.60,,5060001282879,340,g,300mm x 200mm x 100mm,0,Discontinued,yes,1,https://cdn.example-supplier.test/img/nw-1483.jpg,<p>Hard-wearing &amp; simple to clean. Sold singly.</p>,"hand tools, catalogue",2026-09-02T08:30:00Z,NW/0161
head-torch-nw-1486,NW-1486,USB-C RECHARGEABLE HEAD TORCH,HARBOURLINE OUTFITTERS,Kitchen,"$1,299.00",519.60,,5060001290799,2.5,kg,30 × 20 × 10 cm,14,In Stock,1,N,https://cdn.example-supplier.test/img/nw-1486.jpg,<p>Designed for daily use.<br>Guaranteed for two years.</p>,"kitchen, catalogue",2026-09-03T00:30:00Z,NW/0162
bench-hook-nw-1489,NW-1489,lidded bench hook,KESTREL & CO.,Stationery,49.99,20.00,,5060001298719,500 g,,1.2 x 0.4 x 0.4 m,3,instock,N,false,https://cdn.example-supplier.test/img/nw-1489.jpg,"<p>A workshop staple &mdash; nothing clever, just well made.</p>","stationery, catalogue",2026-09-04T01:30:00Z,NW/0163
butter-dish-nw-1492,NW-1492,Ruled A5 Butter Dish,Marrow Tool Works Ltd,Marine,"  18,50  ",7.40,24.05,5060001306636,1.1lb,,12 x 8 x 4 in,0,OUT OF STOCK,false,TRUE,https://cdn.example-supplier.test/img/nw-1492.jpg,<p>Made in small batches and finished by hand. Ships flat.</p>,"marine, catalogue",2026-09-05T02:30:00Z,NW/0164
index-cards-nw-1495,NW-1495,AIRTIGHT INDEX CARDS,pennyroyal,Storage,USD 45.50,18.20,,5060001314556,12 oz,,300mm x 200mm x 100mm,0,Back-Order,TRUE,yes,//cdn.example-supplier.test/img/nw-1495.jpg,<p>Hard-wearing &amp; simple to clean. Sold singly.</p>,"storage, catalogue",2026-09-06T03:30:00Z,NW/0165
cleat-nw-1498,NW-1498,hardback cleat,salt marsh supply,Lighting,$7.25,2.90,,5060001322476,"0,75 kg",,30 × 20 × 10 cm,0,Pre-Order,yes,1,https://cdn.example-supplier.test/img/nw-1498.jpg,<p>Designed for daily use.<br>Guaranteed for two years.</p>,"lighting, catalogue",2026-09-07T04:30:00Z,NW/0166
bin-nw-1501,NW-1501,Beech Bin,Vellum,Workshop,"1.299,00",519.60,,5060001330396,340,g,1.2 x 0.4 x 0.4 m,0,Discontinued,1,N,https://cdn.example-supplier.test/img/nw-1501.jpg,"<p>A workshop staple &mdash; nothing clever, just well made.</p>","workshop, catalogue",2026-09-08T05:30:00Z,NW/0167
lantern-nw-1504,NW-1504,BRASS LANTERN,HARBOURLINE OUTFITTERS,Outdoor,"$1,299.00",519.60,1688.70,5060001338316,2.5,kg,12 x 8 x 4 in,14,In Stock,N,false,https://cdn.example-supplier.test/img/nw-1504.jpg,<p>Made in small batches and finished by hand. Ships flat.</p>,"outdoor, catalogue",2026-09-01T06:30:00Z,NW/0168
dry-bag-nw-1507,NW-1507,stiff bristle dry bag,KESTREL & CO.,Hand Tools,49.99,20.00,,5060001346236,500 g,,300mm x 200mm x 100mm,3,instock,false,TRUE,https://cdn.example-supplier.test/img/nw-1507.jpg,<p>Hard-wearing &amp; simple to clean. Sold singly.</p>,"hand tools, catalogue",2026-09-02T07:30:00Z,NW/0169
chisel-nw-1510,NW-1510,Cloth Bound Chisel,Marrow Tool Works Ltd,Kitchen,"  18,50  ",7.40,,5060001354149,1.1lb,,30 × 20 × 10 cm,0,OUT OF STOCK,TRUE,yes,//cdn.example-supplier.test/img/nw-1510.jpg,<p>Designed for daily use.<br>Guaranteed for two years.</p>,"kitchen, catalogue",2026-09-03T08:30:00Z,NW/0170
mixing-bowl-nw-1513,NW-1513,MANUAL 12V MIXING BOWL,pennyroyal,Stationery,USD 45.50,18.20,,5060001362069,12 oz,,1.2 x 0.4 x 0.4 m,0,Back-Order,yes,1,https://cdn.example-supplier.test/img/nw-1513.jpg,"<p>A workshop staple &mdash; nothing clever, just well made.</p>","stationery, catalogue",2026-09-04T00:30:00Z,NW/0171
notebook-nw-1516,NW-1516,stoneware notebook,salt marsh supply,Marine,$7.25,2.90,9.43,5060001369983,"0,75 kg",,12 x 8 x 4 in,0,Pre-Order,1,N,https://cdn.example-supplier.test/img/nw-1516.jpg,<p>Made in small batches and finished by hand. Ships flat.</p>,"marine, catalogue",2026-09-05T01:30:00Z,NW/0172
deck-brush-nw-1519,NW-1519,Waxed Canvas Deck Brush,Vellum,Storage,"1.299,00",519.60,,5060001377902,340,g,300mm x 200mm x 100mm,0,Discontinued,N,false,https://cdn.example-supplier.test/img/nw-1519.jpg,<p>Hard-wearing &amp; simple to clean. Sold singly.</p>,"storage, catalogue",2026-09-06T02:30:00Z,NW/0173
rope-ladder-nw-1522,NW-1522,BRAIDED 9M ROPE LADDER,HARBOURLINE OUTFITTERS,Lighting,"$1,299.00",519.60,,5060001385822,2.5,kg,30 × 20 × 10 cm,14,In Stock,false,TRUE,https://cdn.example-supplier.test/img/nw-1522.jpg,<p>Designed for daily use.<br>Guaranteed for two years.</p>,"lighting, catalogue",2026-09-07T03:30:00Z,NW/0174
tote-nw-1525,NW-1525,cylindrical tote,KESTREL & CO.,Workshop,49.99,20.00,,5060001393742,500 g,,1.2 x 0.4 x 0.4 m,3,instock,TRUE,yes,//cdn.example-supplier.test/img/nw-1525.jpg,"<p>A workshop staple &mdash; nothing clever, just well made.</p>","workshop, catalogue",2026-09-08T04:30:00Z,NW/0175
hand-plane-nw-1528,NW-1528,Four Pocket Hand Plane,Marrow Tool Works Ltd,Outdoor,"  18,50  ",7.40,24.05,5060001401669,1.1lb,,12 x 8 x 4 in,0,OUT OF STOCK,yes,1,https://cdn.example-supplier.test/img/nw-1528.jpg,<p>Made in small batches and finished by hand. Ships flat.</p>,"outdoor, catalogue",2026-09-01T05:30:00Z,NW/0176
tea-caddy-nw-1531,NW-1531,GRIDDED TEA CADDY,pennyroyal,Hand Tools,USD 45.50,18.20,,5060001409580,12 oz,,300mm x 200mm x 100mm,0,Back-Order,1,N,https://cdn.example-supplier.test/img/nw-1531.jpg,<p>Hard-wearing &amp; simple to clean. Sold singly.</p>,"hand tools, catalogue",2026-09-02T06:30:00Z,NW/0177
ledger-nw-1534,NW-1534,oak handled ledger,salt marsh supply,Kitchen,$7.25,2.90,,5060001417509,"0,75 kg",,30 × 20 × 10 cm,0,Pre-Order,N,false,https://cdn.example-supplier.test/img/nw-1534.jpg,<p>Designed for daily use.<br>Guaranteed for two years.</p>,"kitchen, catalogue",2026-09-03T07:30:00Z,NW/0178
fender-nw-1537,NW-1537,Heavyweight Fender,Vellum,Stationery,"1.299,00",519.60,,5060001425429,340,g,1.2 x 0.4 x 0.4 m,0,Discontinued,false,TRUE,https://cdn.example-supplier.test/img/nw-1537.jpg,"<p>A workshop staple &mdash; nothing clever, just well made.</p>","stationery, catalogue",2026-09-04T08:30:00Z,NW/0179
mallet-nw-1540,NW-1540,RUBBER FACED MALLET,HARBOURLINE OUTFITTERS,Marine,"$1,299.00",519.60,1688.70,5060001433332,2.5,kg,12 x 8 x 4 in,14,In Stock,TRUE,yes,//cdn.example-supplier.test/img/nw-1540.jpg,<p>Made in small batches and finished by hand. Ships flat.</p>,"marine, catalogue",2026-09-05T00:30:00Z,NW/0180
colander-nw-1543,NW-1543,stackable colander,KESTREL & CO.,Storage,49.99,20.00,,5060001441252,500 g,,300mm x 200mm x 100mm,3,instock,yes,1,https://cdn.example-supplier.test/img/nw-1543.jpg,<p>Hard-wearing &amp; simple to clean. Sold singly.</p>,"storage, catalogue",2026-09-06T01:30:00Z,NW/0181
sketchbook-nw-1546,NW-1546,Stainless Sketchbook,Marrow Tool Works Ltd,Lighting,"  18,50  ",7.40,,5060001449173,1.1lb,,30 × 20 × 10 cm,0,OUT OF STOCK,1,N,https://cdn.example-supplier.test/img/nw-1546.jpg,<p>Designed for daily use.<br>Guaranteed for two years.</p>,"lighting, catalogue",2026-09-07T02:30:00Z,NW/0182
bilge-pump-nw-1549,NW-1549,ENAMELLED BILGE PUMP,pennyroyal,Workshop,USD 45.50,18.20,,5060001457093,12 oz,,1.2 x 0.4 x 0.4 m,0,Back-Order,N,false,https://cdn.example-supplier.test/img/nw-1549.jpg,"<p>A workshop staple &mdash; nothing clever, just well made.</p>","workshop, catalogue",2026-09-08T03:30:00Z,NW/0183
tool-roll-nw-1552,NW-1552,bevel edge tool roll,salt marsh supply,Outdoor,$7.25,2.90,9.43,5060001465012,"0,75 kg",,12 x 8 x 4 in,0,Pre-Order,false,TRUE,https://cdn.example-supplier.test/img/nw-1552.jpg,<p>Made in small batches and finished by hand. Ships flat.</p>,"outdoor, catalogue",2026-09-01T04:30:00Z,NW/0184
crate-nw-1555,NW-1555,Perforated Crate,Vellum,Hand Tools,"1.299,00",519.60,,5060001472935,340,g,300mm x 200mm x 100mm,0,Discontinued,TRUE,yes,//cdn.example-supplier.test/img/nw-1555.jpg,<p>Hard-wearing &amp; simple to clean. Sold singly.</p>,"hand tools, catalogue",2026-09-02T05:30:00Z,NW/0185
head-torch-nw-1558,NW-1558,USB-C RECHARGEABLE HEAD TORCH,HARBOURLINE OUTFITTERS,Kitchen,"$1,299.00",519.60,,5060001480855,2.5,kg,30 × 20 × 10 cm,14,In Stock,yes,1,https://cdn.example-supplier.test/img/nw-1558.jpg,<p>Designed for daily use.<br>Guaranteed for two years.</p>,"kitchen, catalogue",2026-09-03T06:30:00Z,NW/0186
bench-hook-nw-1561,NW-1561,lidded bench hook,KESTREL & CO.,Stationery,49.99,20.00,,5060001488776,500 g,,1.2 x 0.4 x 0.4 m,3,instock,1,N,https://cdn.example-supplier.test/img/nw-1561.jpg,"<p>A workshop staple &mdash; nothing clever, just well made.</p>","stationery, catalogue",2026-09-04T07:30:00Z,NW/0187
butter-dish-nw-1564,NW-1564,Ruled A5 Butter Dish,Marrow Tool Works Ltd,Marine,"  18,50  ",7.40,24.05,5060001496696,1.1lb,,12 x 8 x 4 in,0,OUT OF STOCK,N,false,https://cdn.example-supplier.test/img/nw-1564.jpg,<p>Made in small batches and finished by hand. Ships flat.</p>,"marine, catalogue",2026-09-05T08:30:00Z,NW/0188
index-cards-nw-1567,NW-1567,AIRTIGHT INDEX CARDS,pennyroyal,Storage,USD 45.50,18.20,,5060001504612,12 oz,,300mm x 200mm x 100mm,0,Back-Order,false,TRUE,https://cdn.example-supplier.test/img/nw-1567.jpg,<p>Hard-wearing &amp; simple to clean. Sold singly.</p>,"storage, catalogue",2026-09-06T00:30:00Z,NW/0189
cleat-nw-1570,NW-1570,hardback cleat,salt marsh supply,Lighting,$7.25,2.90,,5060001512525,"0,75 kg",,30 × 20 × 10 cm,0,Pre-Order,TRUE,yes,//cdn.example-supplier.test/img/nw-1570.jpg,<p>Designed for daily use.<br>Guaranteed for two years.</p>,"lighting, catalogue",2026-09-07T01:30:00Z,NW/0190
bin-nw-1573,NW-1573,Beech Bin,Vellum,Workshop,"1.299,00",519.60,,5060001520445,340,g,1.2 x 0.4 x 0.4 m,0,Discontinued,yes,1,https://cdn.example-supplier.test/img/nw-1573.jpg,"<p>A workshop staple &mdash; nothing clever, just well made.</p>","workshop, catalogue",2026-09-08T02:30:00Z,NW/0191
lantern-nw-1576,NW-1576,BRASS LANTERN,HARBOURLINE OUTFITTERS,Outdoor,"$1,299.00",519.60,1688.70,5060001528366,2.5,kg,12 x 8 x 4 in,14,In Stock,1,N,https://cdn.example-supplier.test/img/nw-1576.jpg,<p>Made in small batches and finished by hand. Ships flat.</p>,"outdoor, catalogue",2026-09-01T03:30:00Z,NW/0192
dry-bag-nw-1579,NW-1579,stiff bristle dry bag,KESTREL & CO.,Hand Tools,49.99,20.00,,5060001536286,500 g,,300mm x 200mm x 100mm,3,instock,N,false,https://cdn.example-supplier.test/img/nw-1579.jpg,<p>Hard-wearing &amp; simple to clean. Sold singly.</p>,"hand tools, catalogue",2026-09-02T04:30:00Z,NW/0193
chisel-nw-1582,NW-1582,Cloth Bound Chisel,Marrow Tool Works Ltd,Kitchen,"  18,50  ",7.40,,5060001544205,1.1lb,,30 × 20 × 10 cm,0,OUT OF STOCK,false,TRUE,https://cdn.example-supplier.test/img/nw-1582.jpg,<p>Designed for daily use.<br>Guaranteed for two years.</p>,"kitchen, catalogue",2026-09-03T05:30:00Z,NW/0194
mixing-bowl-nw-1585,NW-1585,MANUAL 12V MIXING BOWL,pennyroyal,Stationery,USD 45.50,18.20,,5060001552125,12 oz,,1.2 x 0.4 x 0.4 m,0,Back-Order,TRUE,yes,//cdn.example-supplier.test/img/nw-1585.jpg,"<p>A workshop staple &mdash; nothing clever, just well made.</p>","stationery, catalogue",2026-09-04T06:30:00Z,NW/0195
notebook-nw-1588,NW-1588,stoneware notebook,salt marsh supply,Marine,$7.25,2.90,9.43,5060001560045,"0,75 kg",,12 x 8 x 4 in,0,Pre-Order,yes,1,https://cdn.example-supplier.test/img/nw-1588.jpg,<p>Made in small batches and finished by hand. Ships flat.</p>,"marine, catalogue",2026-09-05T07:30:00Z,NW/0196
deck-brush-nw-1591,NW-1591,Waxed Canvas Deck Brush,Vellum,Storage,"1.299,00",519.60,,5060001567969,340,g,300mm x 200mm x 100mm,0,Discontinued,1,N,https://cdn.example-supplier.test/img/nw-1591.jpg,<p>Hard-wearing &amp; simple to clean. Sold singly.</p>,"storage, catalogue",2026-09-06T08:30:00Z,NW/0197
rope-ladder-nw-1594,NW-1594,BRAIDED 9M ROPE LADDER,HARBOURLINE OUTFITTERS,Lighting,"$1,299.00",519.60,,5060001575889,2.5,kg,30 × 20 × 10 cm,14,In Stock,N,false,https://cdn.example-supplier.test/img/nw-1594.jpg,<p>Designed for daily use.<br>Guaranteed for two years.</p>,"lighting, catalogue",2026-09-07T00:30:00Z,NW/0198
tote-nw-1597,NW-1597,cylindrical tote,KESTREL & CO.,Workshop,49.99,20.00,,5060001583808,500 g,,1.2 x 0.4 x 0.4 m,3,instock,false,TRUE,https://cdn.example-supplier.test/img/nw-1597.jpg,"<p>A workshop staple &mdash; nothing clever, just well made.</p>","workshop, catalogue",2026-09-08T01:30:00Z,NW/0199
hand-plane-nw-1600,NW-1600,Four Pocket Hand Plane,Marrow Tool Works Ltd,Outdoor,"  18,50  ",7.40,24.05,5060001591711,1.1lb,,12 x 8 x 4 in,0,OUT OF STOCK,TRUE,yes,//cdn.example-supplier.test/img/nw-1600.jpg,<p>Made in small batches and finished by hand. Ships flat.</p>,"outdoor, catalogue",2026-09-01T02:30:00Z,NW/0200
tea-caddy-nw-1603,NW-1603,GRIDDED TEA CADDY,pennyroyal,Hand Tools,USD 45.50,18.20,,5060001599632,12 oz,,300mm x 200mm x 100mm,0,Back-Order,yes,1,https://cdn.example-supplier.test/img/nw-1603.jpg,<p>Hard-wearing &amp; simple to clean. Sold singly.</p>,"hand tools, catalogue",2026-09-02T03:30:00Z,NW/0201
ledger-nw-1606,NW-1606,oak handled ledger,salt marsh supply,Kitchen,$7.25,2.90,,5060001607559,"0,75 kg",,30 × 20 × 10 cm,0,Pre-Order,1,N,https://cdn.example-supplier.test/img/nw-1606.jpg,<p>Designed for daily use.<br>Guaranteed for two years.</p>,"kitchen, catalogue",2026-09-03T04:30:00Z,NW/0202
fender-nw-1609,NW-1609,Heavyweight Fender,Vellum,Stationery,"1.299,00",519.60,,5060001615479,340,g,1.2 x 0.4 x 0.4 m,0,Discontinued,N,false,https://cdn.example-supplier.test/img/nw-1609.jpg,"<p>A workshop staple &mdash; nothing clever, just well made.</p>","stationery, catalogue",2026-09-04T05:30:00Z,NW/0203
mallet-nw-1612,NW-1612,RUBBER FACED MALLET,HARBOURLINE OUTFITTERS,Marine,"$1,299.00",519.60,1688.70,5060001623399,2.5,kg,12 x 8 x 4 in,14,In Stock,false,TRUE,https://cdn.example-supplier.test/img/nw-1612.jpg,<p>Made in small batches and finished by hand. Ships flat.</p>,"marine, catalogue",2026-09-05T06:30:00Z,NW/0204
colander-nw-1615,NW-1615,stackable colander,KESTREL & CO.,Storage,49.99,20.00,,5060001631318,500 g,,300mm x 200mm x 100mm,3,instock,TRUE,yes,//cdn.example-supplier.test/img/nw-1615.jpg,<p>Hard-wearing &amp; simple to clean. Sold singly.</p>,"storage, catalogue",2026-09-06T07:30:00Z,NW/0205
sketchbook-nw-1618,NW-1618,Stainless Sketchbook,Marrow Tool Works Ltd,Lighting,"  18,50  ",7.40,,5060001639239,1.1lb,,30 × 20 × 10 cm,0,OUT OF STOCK,yes,1,https://cdn.example-supplier.test/img/nw-1618.jpg,<p>Designed for daily use.<br>Guaranteed for two years.</p>,"lighting, catalogue",2026-09-07T08:30:00Z,NW/0206
bilge-pump-nw-1621,NW-1621,ENAMELLED BILGE PUMP,pennyroyal,Workshop,USD 45.50,18.20,,5060001647159,12 oz,,1.2 x 0.4 x 0.4 m,0,Back-Order,1,N,https://cdn.example-supplier.test/img/nw-1621.jpg,"<p>A workshop staple &mdash; nothing clever, just well made.</p>","workshop, catalogue",2026-09-08T00:30:00Z,NW/0207
tool-roll-nw-1624,NW-1624,bevel edge tool roll,salt marsh supply,Outdoor,$7.25,2.90,9.43,5060001655079,"0,75 kg",,12 x 8 x 4 in,0,Pre-Order,N,false,https://cdn.example-supplier.test/img/nw-1624.jpg,<p>Made in small batches and finished by hand. Ships flat.</p>,"outdoor, catalogue",2026-09-01T01:30:00Z,NW/0208
crate-nw-1627,NW-1627,Perforated Crate,Vellum,Hand Tools,"1.299,00",519.60,,5060001662992,340,g,300mm x 200mm x 100mm,0,Discontinued,false,TRUE,https://cdn.example-supplier.test/img/nw-1627.jpg,<p>Hard-wearing &amp; simple to clean. Sold singly.</p>,"hand tools, catalogue",2026-09-02T02:30:00Z,NW/0209
head-torch-nw-1630,NW-1630,USB-C RECHARGEABLE HEAD TORCH,HARBOURLINE OUTFITTERS,Kitchen,"$1,299.00",519.60,,5060001670904,2.5,kg,30 × 20 × 10 cm,14,In Stock,TRUE,yes,//cdn.example-supplier.test/img/nw-1630.jpg,<p>Designed for daily use.<br>Guaranteed for two years.</p>,"kitchen, catalogue",2026-09-03T03:30:00Z,NW/0210
bench-hook-nw-1633,NW-1633,lidded bench hook,KESTREL & CO.,Stationery,49.99,20.00,,5060001678825,500 g,,1.2 x 0.4 x 0.4 m,3,instock,yes,1,https://cdn.example-supplier.test/img/nw-1633.jpg,"<p>A workshop staple &mdash; nothing clever, just well made.</p>","stationery, catalogue",2026-09-04T04:30:00Z,NW/0211
butter-dish-nw-1636,NW-1636,Ruled A5 Butter Dish,Marrow Tool Works Ltd,Marine,"  18,50  ",7.40,24.05,5060001686745,1.1lb,,12 x 8 x 4 in,0,OUT OF STOCK,1,N,https://cdn.example-supplier.test/img/nw-1636.jpg,<p>Made in small batches and finished by hand. Ships flat.</p>,"marine, catalogue",2026-09-05T05:30:00Z,NW/0212
index-cards-nw-1639,NW-1639,AIRTIGHT INDEX CARDS,pennyroyal,Storage,USD 45.50,18.20,,5060001694665,12 oz,,300mm x 200mm x 100mm,0,Back-Order,N,false,https://cdn.example-supplier.test/img/nw-1639.jpg,<p>Hard-wearing &amp; simple to clean. Sold singly.</p>,"storage, catalogue",2026-09-06T06:30:00Z,NW/0213
cleat-nw-1642,NW-1642,hardback cleat,salt marsh supply,Lighting,$7.25,2.90,,5060001702582,"0,75 kg",,30 × 20 × 10 cm,0,Pre-Order,false,TRUE,https://cdn.example-supplier.test/img/nw-1642.jpg,<p>Designed for daily use.<br>Guaranteed for two years.</p>,"lighting, catalogue",2026-09-07T07:30:00Z,NW/0214
bin-nw-1645,NW-1645,Beech Bin,Vellum,Workshop,"1.299,00",519.60,,5060001710501,340,g,1.2 x 0.4 x 0.4 m,0,Discontinued,TRUE,yes,//cdn.example-supplier.test/img/nw-1645.jpg,"<p>A workshop staple &mdash; nothing clever, just well made.</p>","workshop, catalogue",2026-09-08T08:30:00Z,NW/0215
lantern-nw-1648,NW-1648,BRASS LANTERN,HARBOURLINE OUTFITTERS,Outdoor,"$1,299.00",519.60,1688.70,5060001718422,2.5,kg,12 x 8 x 4 in,14,In Stock,yes,1,https://cdn.example-supplier.test/img/nw-1648.jpg,<p>Made in small batches and finished by hand. Ships flat.</p>,"outdoor, catalogue",2026-09-01T00:30:00Z,NW/0216
dry-bag-nw-1651,NW-1651,stiff bristle dry bag,KESTREL & CO.,Hand Tools,49.99,20.00,,5060001726342,500 g,,300mm x 200mm x 100mm,3,instock,1,N,https://cdn.example-supplier.test/img/nw-1651.jpg,<p>Hard-wearing &amp; simple to clean. Sold singly.</p>,"hand tools, catalogue",2026-09-02T01:30:00Z,NW/0217
chisel-nw-1654,NW-1654,Cloth Bound Chisel,Marrow Tool Works Ltd,Kitchen,"  18,50  ",7.40,,5060001734262,1.1lb,,30 × 20 × 10 cm,0,OUT OF STOCK,N,false,https://cdn.example-supplier.test/img/nw-1654.jpg,<p>Designed for daily use.<br>Guaranteed for two years.</p>,"kitchen, catalogue",2026-09-03T02:30:00Z,NW/0218
mixing-bowl-nw-1657,NW-1657,MANUAL 12V MIXING BOWL,pennyroyal,Stationery,USD 45.50,18.20,,5060001742182,12 oz,,1.2 x 0.4 x 0.4 m,0,Back-Order,false,TRUE,https://cdn.example-supplier.test/img/nw-1657.jpg,"<p>A workshop staple &mdash; nothing clever, just well made.</p>","stationery, catalogue",2026-09-04T03:30:00Z,NW/0219
notebook-nw-1660,NW-1660,stoneware notebook,salt marsh supply,Marine,$7.25,2.90,9.43,5060001750095,"0,75 kg",,12 x 8 x 4 in,0,Pre-Order,TRUE,yes,//cdn.example-supplier.test/img/nw-1660.jpg,<p>Made in small batches and finished by hand. Ships flat.</p>,"marine, catalogue",2026-09-05T04:30:00Z,NW/0220
deck-brush-nw-1663,NW-1663,Waxed Canvas Deck Brush,Vellum,Storage,"1.299,00",519.60,,5060001758015,340,g,300mm x 200mm x 100mm,0,Discontinued,yes,1,https://cdn.example-supplier.test/img/nw-1663.jpg,<p>Hard-wearing &amp; simple to clean. Sold singly.</p>,"storage, catalogue",2026-09-06T05:30:00Z,NW/0221
rope-ladder-nw-1666,NW-1666,BRAIDED 9M ROPE LADDER,HARBOURLINE OUTFITTERS,Lighting,"$1,299.00",519.60,,5060001765938,2.5,kg,30 × 20 × 10 cm,14,In Stock,1,N,https://cdn.example-supplier.test/img/nw-1666.jpg,<p>Designed for daily use.<br>Guaranteed for two years.</p>,"lighting, catalogue",2026-09-07T06:30:00Z,NW/0222
tote-nw-1669,NW-1669,cylindrical tote,KESTREL & CO.,Workshop,49.99,20.00,,5060001773858,500 g,,1.2 x 0.4 x 0.4 m,3,instock,N,false,https://cdn.example-supplier.test/img/nw-1669.jpg,"<p>A workshop staple &mdash; nothing clever, just well made.</p>","workshop, catalogue",2026-09-08T07:30:00Z,NW/0223
hand-plane-nw-1672,NW-1672,Four Pocket Hand Plane,Marrow Tool Works Ltd,Outdoor,"  18,50  ",7.40,24.05,5060001781778,1.1lb,,12 x 8 x 4 in,0,OUT OF STOCK,false,TRUE,https://cdn.example-supplier.test/img/nw-1672.jpg,<p>Made in small batches and finished by hand. Ships flat.</p>,"outdoor, catalogue",2026-09-01T08:30:00Z,NW/0224
tea-caddy-nw-1675,NW-1675,GRIDDED TEA CADDY,pennyroyal,Hand Tools,USD 45.50,18.20,,5060001789699,12 oz,,300mm x 200mm x 100mm,0,Back-Order,TRUE,yes,//cdn.example-supplier.test/img/nw-1675.jpg,<p>Hard-wearing &amp; simple to clean. Sold singly.</p>,"hand tools, catalogue",2026-09-02T00:30:00Z,NW/0225
ledger-nw-1678,NW-1678,oak handled ledger,salt marsh supply,Kitchen,$7.25,2.90,,5060001797618,"0,75 kg",,30 × 20 × 10 cm,0,Pre-Order,yes,1,https://cdn.example-supplier.test/img/nw-1678.jpg,<p>Designed for daily use.<br>Guaranteed for two years.</p>,"kitchen, catalogue",2026-09-03T01:30:00Z,NW/0226
fender-nw-1681,NW-1681,Heavyweight Fender,Vellum,Stationery,"1.299,00",519.60,,5060001805535,340,g,1.2 x 0.4 x 0.4 m,0,Discontinued,1,N,https://cdn.example-supplier.test/img/nw-1681.jpg,"<p>A workshop staple &mdash; nothing clever, just well made.</p>","stationery, catalogue",2026-09-04T02:30:00Z,NW/0227
mallet-nw-1684,NW-1684,RUBBER FACED MALLET,HARBOURLINE OUTFITTERS,Marine,"$1,299.00",519.60,1688.70,5060001813455,2.5,kg,12 x 8 x 4 in,14,In Stock,N,false,https://cdn.example-supplier.test/img/nw-1684.jpg,<p>Made in small batches and finished by hand. Ships flat.</p>,"marine, catalogue",2026-09-05T03:30:00Z,NW/0228
colander-nw-1687,NW-1687,stackable colander,KESTREL & CO.,Storage,49.99,20.00,,5060001821375,500 g,,300mm x 200mm x 100mm,3,instock,false,TRUE,https://cdn.example-supplier.test/img/nw-1687.jpg,<p>Hard-wearing &amp; simple to clean. Sold singly.</p>,"storage, catalogue",2026-09-06T04:30:00Z,NW/0229
sketchbook-nw-1690,NW-1690,Stainless Sketchbook,Marrow Tool Works Ltd,Lighting,"  18,50  ",7.40,,5060001829289,1.1lb,,30 × 20 × 10 cm,0,OUT OF STOCK,TRUE,yes,//cdn.example-supplier.test/img/nw-1690.jpg,<p>Designed for daily use.<br>Guaranteed for two years.</p>,"lighting, catalogue",2026-09-07T05:30:00Z,NW/0230
bilge-pump-nw-1693,NW-1693,ENAMELLED BILGE PUMP,pennyroyal,Workshop,USD 45.50,18.20,,5060001837208,12 oz,,1.2 x 0.4 x 0.4 m,0,Back-Order,yes,1,https://cdn.example-supplier.test/img/nw-1693.jpg,"<p>A workshop staple &mdash; nothing clever, just well made.</p>","workshop, catalogue",2026-09-08T06:30:00Z,NW/0231
tool-roll-nw-1696,NW-1696,bevel edge tool roll,salt marsh supply,Outdoor,$7.25,2.90,9.43,5060001845128,"0,75 kg",,12 x 8 x 4 in,0,Pre-Order,1,N,https://cdn.example-supplier.test/img/nw-1696.jpg,<p>Made in small batches and finished by hand. Ships flat.</p>,"outdoor, catalogue",2026-09-01T07:30:00Z,NW/0232
crate-nw-1699,NW-1699,Perforated Crate,Vellum,Hand Tools,"1.299,00",519.60,,5060001853048,340,g,300mm x 200mm x 100mm,0,Discontinued,N,false,https://cdn.example-supplier.test/img/nw-1699.jpg,<p>Hard-wearing &amp; simple to clean. Sold singly.</p>,"hand tools, catalogue",2026-09-02T08:30:00Z,NW/0233
head-torch-nw-1702,NW-1702,USB-C RECHARGEABLE HEAD TORCH,HARBOURLINE OUTFITTERS,Kitchen,"$1,299.00",519.60,,5060001860961,2.5,kg,30 × 20 × 10 cm,14,In Stock,false,TRUE,https://cdn.example-supplier.test/img/nw-1702.jpg,<p>Designed for daily use.<br>Guaranteed for two years.</p>,"kitchen, catalogue",2026-09-03T00:30:00Z,NW/0234
bench-hook-nw-1705,NW-1705,lidded bench hook,KESTREL & CO.,Stationery,49.99,20.00,,5060001868882,500 g,,1.2 x 0.4 x 0.4 m,3,instock,TRUE,yes,//cdn.example-supplier.test/img/nw-1705.jpg,"<p>A workshop staple &mdash; nothing clever, just well made.</p>","stationery, catalogue",2026-09-04T01:30:00Z,NW/0235
butter-dish-nw-1708,NW-1708,Ruled A5 Butter Dish,Marrow Tool Works Ltd,Marine,"  18,50  ",7.40,24.05,5060001876801,1.1lb,,12 x 8 x 4 in,0,OUT OF STOCK,yes,1,https://cdn.example-supplier.test/img/nw-1708.jpg,<p>Made in small batches and finished by hand. Ships flat.</p>,"marine, catalogue",2026-09-05T02:30:00Z,NW/0236
index-cards-nw-1711,NW-1711,AIRTIGHT INDEX CARDS,pennyroyal,Storage,USD 45.50,18.20,,5060001884721,12 oz,,300mm x 200mm x 100mm,0,Back-Order,1,N,https://cdn.example-supplier.test/img/nw-1711.jpg,<p>Hard-wearing &amp; simple to clean. Sold singly.</p>,"storage, catalogue",2026-09-06T03:30:00Z,NW/0237
cleat-nw-1714,NW-1714,hardback cleat,salt marsh supply,Lighting,$7.25,2.90,,5060001892641,"0,75 kg",,30 × 20 × 10 cm,0,Pre-Order,N,false,https://cdn.example-supplier.test/img/nw-1714.jpg,<p>Designed for daily use.<br>Guaranteed for two years.</p>,"lighting, catalogue",2026-09-07T04:30:00Z,NW/0238
bin-nw-1717,NW-1717,Beech Bin,Vellum,Workshop,"1.299,00",519.60,,5060001900568,340,g,1.2 x 0.4 x 0.4 m,0,Discontinued,false,TRUE,https://cdn.example-supplier.test/img/nw-1717.jpg,"<p>A workshop staple &mdash; nothing clever, just well made.</p>","workshop, catalogue",2026-09-08T05:30:00Z,NW/0239
lantern-nw-1720,NW-1720,BRASS LANTERN,HARBOURLINE OUTFITTERS,Outdoor,"$1,299.00",519.60,1688.70,5060001908472,2.5,kg,12 x 8 x 4 in,14,In Stock,TRUE,yes,//cdn.example-supplier.test/img/nw-1720.jpg,<p>Made in small batches and finished by hand. Ships flat.</p>,"outdoor, catalogue",2026-09-01T06:30:00Z,NW/0240
dry-bag-nw-1723,NW-1723,stiff bristle dry bag,KESTREL & CO.,Hand Tools,49.99,20.00,,5060001916392,500 g,,300mm x 200mm x 100mm,3,instock,yes,1,https://cdn.example-supplier.test/img/nw-1723.jpg,<p>Hard-wearing &amp; simple to clean. Sold singly.</p>,"hand tools, catalogue",2026-09-02T07:30:00Z,NW/0241
chisel-nw-1726,NW-1726,Cloth Bound Chisel,Marrow Tool Works Ltd,Kitchen,"  18,50  ",7.40,,5060001924311,1.1lb,,30 × 20 × 10 cm,0,OUT OF STOCK,1,N,https://cdn.example-supplier.test/img/nw-1726.jpg,<p>Designed for daily use.<br>Guaranteed for two years.</p>,"kitchen, catalogue",2026-09-03T08:30:00Z,NW/0242
mixing-bowl-nw-1729,NW-1729,MANUAL 12V MIXING BOWL,pennyroyal,Stationery,USD 45.50,18.20,,5060001932231,12 oz,,1.2 x 0.4 x 0.4 m,0,Back-Order,N,false,https://cdn.example-supplier.test/img/nw-1729.jpg,"<p>A workshop staple &mdash; nothing clever, just well made.</p>","stationery, catalogue",2026-09-04T00:30:00Z,NW/0243
notebook-nw-1732,NW-1732,stoneware notebook,salt marsh supply,Marine,$7.25,2.90,9.43,5060001940151,"0,75 kg",,12 x 8 x 4 in,0,Pre-Order,false,TRUE,https://cdn.example-supplier.test/img/nw-1732.jpg,<p>Made in small batches and finished by hand. Ships flat.</p>,"marine, catalogue",2026-09-05T01:30:00Z,NW/0244
deck-brush-nw-1735,NW-1735,Waxed Canvas Deck Brush,Vellum,Storage,"1.299,00",519.60,,5060001948072,340,g,300mm x 200mm x 100mm,0,Discontinued,TRUE,yes,//cdn.example-supplier.test/img/nw-1735.jpg,<p>Hard-wearing &amp; simple to clean. Sold singly.</p>,"storage, catalogue",2026-09-06T02:30:00Z,NW/0245
rope-ladder-nw-1738,NW-1738,BRAIDED 9M ROPE LADDER,HARBOURLINE OUTFITTERS,Lighting,"$1,299.00",519.60,,5060001955995,2.5,kg,30 × 20 × 10 cm,14,In Stock,yes,1,https://cdn.example-supplier.test/img/nw-1738.jpg,<p>Designed for daily use.<br>Guaranteed for two years.</p>,"lighting, catalogue",2026-09-07T03:30:00Z,NW/0246
tote-nw-1741,NW-1741,cylindrical tote,KESTREL & CO.,Workshop,49.99,20.00,,5060001963914,500 g,,1.2 x 0.4 x 0.4 m,3,instock,1,N,https://cdn.example-supplier.test/img/nw-1741.jpg,"<p>A workshop staple &mdash; nothing clever, just well made.</p>","workshop, catalogue",2026-09-08T04:30:00Z,NW/0247
hand-plane-nw-1744,NW-1744,Four Pocket Hand Plane,Marrow Tool Works Ltd,Outdoor,"  18,50  ",7.40,24.05,5060001971834,1.1lb,,12 x 8 x 4 in,0,OUT OF STOCK,N,false,https://cdn.example-supplier.test/img/nw-1744.jpg,<p>Made in small batches and finished by hand. Ships flat.</p>,"outdoor, catalogue",2026-09-01T05:30:00Z,NW/0248
tea-caddy-nw-1747,NW-1747,GRIDDED TEA CADDY,pennyroyal,Hand Tools,USD 45.50,18.20,,5060001979755,12 oz,,300mm x 200mm x 100mm,0,Back-Order,false,TRUE,https://cdn.example-supplier.test/img/nw-1747.jpg,<p>Hard-wearing &amp; simple to clean. Sold singly.</p>,"hand tools, catalogue",2026-09-02T06:30:00Z,NW/0249
ledger-nw-1750,NW-1750,oak handled ledger,salt marsh supply,Kitchen,$7.25,2.90,,5060001987668,"0,75 kg",,30 × 20 × 10 cm,0,Pre-Order,TRUE,yes,//cdn.example-supplier.test/img/nw-1750.jpg,<p>Designed for daily use.<br>Guaranteed for two years.</p>,"kitchen, catalogue",2026-09-03T07:30:00Z,NW/0250
fender-nw-1753,NW-1753,Heavyweight Fender,Vellum,Stationery,"1.299,00",519.60,,5060001995588,340,g,1.2 x 0.4 x 0.4 m,0,Discontinued,yes,1,https://cdn.example-supplier.test/img/nw-1753.jpg,"<p>A workshop staple &mdash; nothing clever, just well made.</p>","stationery, catalogue",2026-09-04T08:30:00Z,NW/0251
mallet-nw-1756,NW-1756,RUBBER FACED MALLET,HARBOURLINE OUTFITTERS,Marine,"$1,299.00",519.60,1688.70,5060002003503,2.5,kg,12 x 8 x 4 in,14,In Stock,1,N,https://cdn.example-supplier.test/img/nw-1756.jpg,<p>Made in small batches and finished by hand. Ships flat.</p>,"marine, catalogue",2026-09-05T00:30:00Z,NW/0252
colander-nw-1759,NW-1759,stackable colander,KESTREL & CO.,Storage,49.99,20.00,,5060002011423,500 g,,300mm x 200mm x 100mm,3,instock,N,false,https://cdn.example-supplier.test/img/nw-1759.jpg,<p>Hard-wearing &amp; simple to clean. Sold singly.</p>,"storage, catalogue",2026-09-06T01:30:00Z,NW/0253
sketchbook-nw-1762,NW-1762,Stainless Sketchbook,Marrow Tool Works Ltd,Lighting,"  18,50  ",7.40,,5060002019344,1.1lb,,30 × 20 × 10 cm,0,OUT OF STOCK,false,TRUE,https://cdn.example-supplier.test/img/nw-1762.jpg,<p>Designed for daily use.<br>Guaranteed for two years.</p>,"lighting, catalogue",2026-09-07T02:30:00Z,NW/0254
bilge-pump-nw-1765,NW-1765,ENAMELLED BILGE PUMP,pennyroyal,Workshop,USD 45.50,18.20,,5060002027264,12 oz,,1.2 x 0.4 x 0.4 m,0,Back-Order,TRUE,yes,//cdn.example-supplier.test/img/nw-1765.jpg,"<p>A workshop staple &mdash; nothing clever, just well made.</p>","workshop, catalogue",2026-09-08T03:30:00Z,NW/0255
tool-roll-nw-1768,NW-1768,bevel edge tool roll,salt marsh supply,Outdoor,$7.25,2.90,9.43,5060002035184,"0,75 kg",,12 x 8 x 4 in,0,Pre-Order,yes,1,https://cdn.example-supplier.test/img/nw-1768.jpg,<p>Made in small batches and finished by hand. Ships flat.</p>,"outdoor, catalogue",2026-09-01T04:30:00Z,NW/0256
crate-nw-1771,NW-1771,Perforated Crate,Vellum,Hand Tools,"1.299,00",519.60,,5060002043103,340,g,300mm x 200mm x 100mm,0,Discontinued,1,N,https://cdn.example-supplier.test/img/nw-1771.jpg,<p>Hard-wearing &amp; simple to clean. Sold singly.</p>,"hand tools, catalogue",2026-09-02T05:30:00Z,NW/0257
head-torch-nw-1774,NW-1774,USB-C RECHARGEABLE HEAD TORCH,HARBOURLINE OUTFITTERS,Kitchen,"$1,299.00",519.60,,5060002051023,2.5,kg,30 × 20 × 10 cm,14,In Stock,N,false,https://cdn.example-supplier.test/img/nw-1774.jpg,<p>Designed for daily use.<br>Guaranteed for two years.</p>,"kitchen, catalogue",2026-09-03T06:30:00Z,NW/0258
bench-hook-nw-1777,NW-1777,lidded bench hook,KESTREL & CO.,Stationery,49.99,20.00,,5060002058947,500 g,,1.2 x 0.4 x 0.4 m,3,instock,false,TRUE,https://cdn.example-supplier.test/img/nw-1777.jpg,"<p>A workshop staple &mdash; nothing clever, just well made.</p>","stationery, catalogue",2026-09-04T07:30:00Z,NW/0259
butter-dish-nw-1780,NW-1780,Ruled A5 Butter Dish,Marrow Tool Works Ltd,Marine,"  18,50  ",7.40,24.05,5060002066850,1.1lb,,12 x 8 x 4 in,0,OUT OF STOCK,TRUE,yes,//cdn.example-supplier.test/img/nw-1780.jpg,<p>Made in small batches and finished by hand. Ships flat.</p>,"marine, catalogue",2026-09-05T08:30:00Z,NW/0260
index-cards-nw-1783,NW-1783,AIRTIGHT INDEX CARDS,pennyroyal,Storage,USD 45.50,18.20,,5060002074770,12 oz,,300mm x 200mm x 100mm,0,Back-Order,yes,1,https://cdn.example-supplier.test/img/nw-1783.jpg,<p>Hard-wearing &amp; simple to clean. Sold singly.</p>,"storage, catalogue",2026-09-06T00:30:00Z,NW/0261
cleat-nw-1786,NW-1786,hardback cleat,salt marsh supply,Lighting,$7.25,2.90,,5060002082690,"0,75 kg",,30 × 20 × 10 cm,0,Pre-Order,1,N,https://cdn.example-supplier.test/img/nw-1786.jpg,<p>Designed for daily use.<br>Guaranteed for two years.</p>,"lighting, catalogue",2026-09-07T01:30:00Z,NW/0262
bin-nw-1789,NW-1789,Beech Bin,Vellum,Workshop,"1.299,00",519.60,,5060002090619,340,g,1.2 x 0.4 x 0.4 m,0,Discontinued,N,false,https://cdn.example-supplier.test/img/nw-1789.jpg,"<p>A workshop staple &mdash; nothing clever, just well made.</p>","workshop, catalogue",2026-09-08T02:30:00Z,NW/0263
lantern-nw-1792,NW-1792,BRASS LANTERN,HARBOURLINE OUTFITTERS,Outdoor,"$1,299.00",519.60,1688.70,5060002098530,2.5,kg,12 x 8 x 4 in,14,In Stock,false,TRUE,https://cdn.example-supplier.test/img/nw-1792.jpg,<p>Made in small batches and finished by hand. Ships flat.</p>,"outdoor, catalogue",2026-09-01T03:30:00Z,NW/0264
dry-bag-nw-1795,NW-1795,stiff bristle dry bag,KESTREL & CO.,Hand Tools,49.99,20.00,,5060002106457,500 g,,300mm x 200mm x 100mm,3,instock,TRUE,yes,//cdn.example-supplier.test/img/nw-1795.jpg,<p>Hard-wearing &amp; simple to clean. Sold singly.</p>,"hand tools, catalogue",2026-09-02T04:30:00Z,NW/0265
chisel-nw-1798,NW-1798,Cloth Bound Chisel,Marrow Tool Works Ltd,Kitchen,"  18,50  ",7.40,,5060002114377,1.1lb,,30 × 20 × 10 cm,0,OUT OF STOCK,yes,1,https://cdn.example-supplier.test/img/nw-1798.jpg,<p>Designed for daily use.<br>Guaranteed for two years.</p>,"kitchen, catalogue",2026-09-03T05:30:00Z,NW/0266
mixing-bowl-nw-1801,NW-1801,MANUAL 12V MIXING BOWL,pennyroyal,Stationery,USD 45.50,18.20,,5060002122297,12 oz,,1.2 x 0.4 x 0.4 m,0,Back-Order,1,N,https://cdn.example-supplier.test/img/nw-1801.jpg,"<p>A workshop staple &mdash; nothing clever, just well made.</p>","stationery, catalogue",2026-09-04T06:30:00Z,NW/0267
notebook-nw-1804,NW-1804,stoneware notebook,salt marsh supply,Marine,$7.25,2.90,9.43,5060002130216,"0,75 kg",,12 x 8 x 4 in,0,Pre-Order,N,false,https://cdn.example-supplier.test/img/nw-1804.jpg,<p>Made in small batches and finished by hand. Ships flat.</p>,"marine, catalogue",2026-09-05T07:30:00Z,NW/0268
deck-brush-nw-1807,NW-1807,Waxed Canvas Deck Brush,Vellum,Storage,"1.299,00",519.60,,5060002138137,340,g,300mm x 200mm x 100mm,0,Discontinued,false,TRUE,https://cdn.example-supplier.test/img/nw-1807.jpg,<p>Hard-wearing &amp; simple to clean. Sold singly.</p>,"storage, catalogue",2026-09-06T08:30:00Z,NW/0269
rope-ladder-nw-1810,NW-1810,BRAIDED 9M ROPE LADDER,HARBOURLINE OUTFITTERS,Lighting,"$1,299.00",519.60,,5060002146040,2.5,kg,30 × 20 × 10 cm,14,In Stock,TRUE,yes,//cdn.example-supplier.test/img/nw-1810.jpg,<p>Designed for daily use.<br>Guaranteed for two years.</p>,"lighting, catalogue",2026-09-07T00:30:00Z,NW/0270
tote-nw-1813,NW-1813,cylindrical tote,KESTREL & CO.,Workshop,49.99,20.00,,5060002153963,500 g,,1.2 x 0.4 x 0.4 m,3,instock,yes,1,https://cdn.example-supplier.test/img/nw-1813.jpg,"<p>A workshop staple &mdash; nothing clever, just well made.</p>","workshop, catalogue",2026-09-08T01:30:00Z,NW/0271
hand-plane-nw-1816,NW-1816,Four Pocket Hand Plane,Marrow Tool Works Ltd,Outdoor,"  18,50  ",7.40,24.05,5060002161883,1.1lb,,12 x 8 x 4 in,0,OUT OF STOCK,1,N,https://cdn.example-supplier.test/img/nw-1816.jpg,<p>Made in small batches and finished by hand. Ships flat.</p>,"outdoor, catalogue",2026-09-01T02:30:00Z,NW/0272
tea-caddy-nw-1819,NW-1819,GRIDDED TEA CADDY,pennyroyal,Hand Tools,USD 45.50,18.20,,5060002169803,12 oz,,300mm x 200mm x 100mm,0,Back-Order,N,false,https://cdn.example-supplier.test/img/nw-1819.jpg,<p>Hard-wearing &amp; simple to clean. Sold singly.</p>,"hand tools, catalogue",2026-09-02T03:30:00Z,NW/0273
ledger-nw-1822,NW-1822,oak handled ledger,salt marsh supply,Kitchen,$7.25,2.90,,5060002177723,"0,75 kg",,30 × 20 × 10 cm,0,Pre-Order,false,TRUE,https://cdn.example-supplier.test/img/nw-1822.jpg,<p>Designed for daily use.<br>Guaranteed for two years.</p>,"kitchen, catalogue",2026-09-03T04:30:00Z,NW/0274
fender-nw-1825,NW-1825,Heavyweight Fender,Vellum,Stationery,"1.299,00",519.60,,5060002185643,340,g,1.2 x 0.4 x 0.4 m,0,Discontinued,TRUE,yes,//cdn.example-supplier.test/img/nw-1825.jpg,"<p>A workshop staple &mdash; nothing clever, just well made.</p>","stationery, catalogue",2026-09-04T05:30:00Z,NW/0275
mallet-nw-1828,NW-1828,RUBBER FACED MALLET,HARBOURLINE OUTFITTERS,Marine,"$1,299.00",519.60,1688.70,5060002193563,2.5,kg,12 x 8 x 4 in,14,In Stock,yes,1,https://cdn.example-supplier.test/img/nw-1828.jpg,<p>Made in small batches and finished by hand. Ships flat.</p>,"marine, catalogue",2026-09-05T06:30:00Z,NW/0276
colander-nw-1831,NW-1831,stackable colander,KESTREL & CO.,Storage,49.99,20.00,,5060002201480,500 g,,300mm x 200mm x 100mm,3,instock,1,N,https://cdn.example-supplier.test/img/nw-1831.jpg,<p>Hard-wearing &amp; simple to clean. Sold singly.</p>,"storage, catalogue",2026-09-06T07:30:00Z,NW/0277
sketchbook-nw-1834,NW-1834,Stainless Sketchbook,Marrow Tool Works Ltd,Lighting,"  18,50  ",7.40,,5060002209400,1.1lb,,30 × 20 × 10 cm,0,OUT OF STOCK,N,false,https://cdn.example-supplier.test/img/nw-1834.jpg,<p>Designed for daily use.<br>Guaranteed for two years.</p>,"lighting, catalogue",2026-09-07T08:30:00Z,NW/0278
bilge-pump-nw-1837,NW-1837,ENAMELLED BILGE PUMP,pennyroyal,Workshop,USD 45.50,18.20,,5060002217320,12 oz,,1.2 x 0.4 x 0.4 m,0,Back-Order,false,TRUE,https://cdn.example-supplier.test/img/nw-1837.jpg,"<p>A workshop staple &mdash; nothing clever, just well made.</p>","workshop, catalogue",2026-09-08T00:30:00Z,NW/0279
,NW-D001,COPPER JUG,Pennyroyal,Outdoor,$42.00,9.00,,5060007135018,500,g,200mm x 120mm x 60mm,12,In Stock,TRUE,TRUE,https://cdn.example-supplier.test/img/placeholder.jpg,<p>Made in small batches and finished by hand. Ships flat.</p>,core,2026-08-30T09:00:00Z,NW/000
,NW-D001,COPPER JUG,Pennyroyal,Outdoor,$38.50,9.00,,5060007135018,500,g,200mm x 120mm x 60mm,12,In Stock,TRUE,TRUE,https://cdn.example-supplier.test/img/placeholder.jpg,<p>Made in small batches and finished by hand. Ships flat.</p>,core,2026-09-07T09:00:00Z,NW/000
,NW-D002,Beeswax Wrap Set,Pennyroyal Home,Outdoor,24.00,9.00,,5060007142931,500,g,200mm x 120mm x 60mm,12,In Stock,TRUE,TRUE,https://cdn.example-supplier.test/img/placeholder.jpg,<p>Made in small batches and finished by hand. Ships flat.</p>,core,2026-09-08T04:15:00Z,NW/000
,NW-D002,Beeswax Wrap Set,Pennyroyal Home,Outdoor,24.00,9.00,,5060007142931,500,g,200mm x 120mm x 60mm,12,In Stock,TRUE,TRUE,https://cdn.example-supplier.test/img/placeholder.jpg,<p>Made in small batches and finished by hand. Ships flat.</p>,core,2026-09-08T04:15:00Z,NW/000
,NW-D003,Rope Doormat,saltmarsh,Outdoor,,9.00,,,500,g,200mm x 120mm x 60mm,12,In Stock,TRUE,TRUE,,<p>Made in small batches and finished by hand. Ships flat.</p>,core,,NW/000
,NW-D003,Rope Doormat,saltmarsh,Outdoor,$31.00,9.00,,5060007150851,500,g,200mm x 120mm x 60mm,12,In Stock,TRUE,TRUE,https://cdn.example-supplier.test/img/placeholder.jpg,<p>Made in small batches and finished by hand. Ships flat.</p>,core,,NW/000
,NW-D004,Folding Camp Stool,Harbourline,Outdoor,$64.00,9.00,,5060007158772,500,g,200mm x 120mm x 60mm,12,In Stock,TRUE,TRUE,https://cdn.example-supplier.test/img/placeholder.jpg,<p>Made in small batches and finished by hand. Ships flat.</p>,core,2026-09-05T11:00:00Z,NW/000
,NW-D004,Folding Camp Stool,Harbourline,Outdoor,$71.00,9.00,,5060007158772,500,g,200mm x 120mm x 60mm,12,In Stock,TRUE,TRUE,https://cdn.example-supplier.test/img/placeholder.jpg,<p>Made in small batches and finished by hand. Ships flat.</p>,core,2026-09-05T11:00:00Z,NW/000
,NW-D005,Enamel Mug,Pennyroyal Home,Outdoor,24.00,9.00,,5060007166692,500,g,200mm x 120mm x 60mm,12,In Stock,TRUE,TRUE,https://cdn.example-supplier.test/img/nw-d005.jpg,<p>Made in small batches and finished by hand. Ships flat.</p>,"kitchen, enamel",2026-08-28T08:00:00Z,NW/000
,NW-D005,Enamel Mug,Pennyroyal Home,Outdoor,$16.00,9.00,,,500,g,200mm x 120mm x 60mm,12,In Stock,TRUE,TRUE,,<p>Made in small batches and finished by hand. Ships flat.</p>,,2026-09-09T08:00:00Z,NW/000
,NW-D006,Canvas Log Carrier,Saltmarsh Supply,Outdoor,24.00,9.00,,,500,g,200mm x 120mm x 60mm,12,In Stock,TRUE,TRUE,,<p>Made in small batches and finished by hand. Ships flat.</p>,core,03/04/2026,NW/000
,NW-D006,Canvas Log Carrier,Saltmarsh Supply,Outdoor,24.00,9.00,,5060007174611,500,g,200mm x 120mm x 60mm,12,In Stock,TRUE,TRUE,https://cdn.example-supplier.test/img/placeholder.jpg,<p>Made in small batches and finished by hand. Ships flat.</p>,core,04/03/2026,NW/000
,,Unlabelled Storage Crate,Saltmarsh Supply,Outdoor,24.00,9.00,,5060006343117,500,g,200mm x 120mm x 60mm,12,In Stock,TRUE,TRUE,https://cdn.example-supplier.test/img/placeholder.jpg,<p>Made in small batches and finished by hand. Ships flat.</p>,core,2026-09-08T04:15:00Z,NW/000
,NW-R001,Zero Priced Trowel,Marrow Tool Works,Outdoor,0.00,,,5060006351037,500,g,200mm x 120mm x 60mm,12,In Stock,TRUE,TRUE,https://cdn.example-supplier.test/img/placeholder.jpg,<p>Made in small batches and finished by hand. Ships flat.</p>,core,2026-09-08T04:15:00Z,NW/000
,NW-R002,Negative Priced Shelf,Marrow Tool Works,Outdoor,-12.00,,,5060006358951,500,g,200mm x 120mm x 60mm,12,In Stock,TRUE,TRUE,https://cdn.example-supplier.test/img/placeholder.jpg,<p>Made in small batches and finished by hand. Ships flat.</p>,core,2026-09-08T04:15:00Z,NW/000
,NW-R003,Loss Making Kettle,Pennyroyal Home,Outdoor,8.00,11.50,,5060006366871,500,g,200mm x 120mm x 60mm,12,In Stock,TRUE,TRUE,https://cdn.example-supplier.test/img/placeholder.jpg,<p>Made in small batches and finished by hand. Ships flat.</p>,core,2026-09-08T04:15:00Z,NW/000
,NW-R004,Imageless Dry Bag,Harbourline Outfitters,Outdoor,24.00,9.00,,5060006374791,500,g,200mm x 120mm x 60mm,12,In Stock,TRUE,TRUE,,<p>Made in small batches and finished by hand. Ships flat.</p>,core,2026-09-08T04:15:00Z,NW/000
,NW-R005,Relative Path Lantern,Harbourline Outfitters,Outdoor,24.00,9.00,,5060006382710,500,g,200mm x 120mm x 60mm,12,In Stock,TRUE,TRUE,images/lantern.jpg,<p>Made in small batches and finished by hand. Ships flat.</p>,core,2026-09-08T04:15:00Z,NW/000
,NW-R006,Overlong Copy Notebook,Vellum Paper Goods,Outdoor,24.00,9.00,,5060006390630,500,g,200mm x 120mm x 60mm,12,In Stock,TRUE,TRUE,https://cdn.example-supplier.test/img/placeholder.jpg,<p>A durable notebook for everyday notes. A durable notebook for everyday notes. A durable notebook for everyday notes. A durable notebook for everyday notes. A durable notebook for everyday notes. A durable notebook for everyday notes. A durable notebook for everyday notes. A durable notebook for everyday notes. A durable notebook for everyday notes. A durable notebook for everyday notes. A durable notebook for everyday notes. A durable notebook for everyday notes. A durable notebook for everyday notes. A durable notebook for everyday notes. A durable notebook for everyday notes. A durable notebook for everyday notes. A durable notebook for everyday notes. A durable notebook for everyday notes. A durable notebook for everyday notes. A durable notebook for everyday notes. A durable notebook for everyday notes. A durable notebook for everyday notes. A durable notebook for everyday notes. A durable notebook for everyday notes. A durable notebook for everyday notes. A durable notebook for everyday notes. A durable notebook for everyday notes. A durable notebook for everyday notes. A durable notebook for everyday notes. A durable notebook for everyday notes. A durable notebook for everyday notes. A durable notebook for everyday notes. A durable notebook for everyday notes. A durable notebook for everyday notes. A durable notebook for everyday notes. A durable notebook for everyday notes. A durable notebook for everyday notes. A durable notebook for everyday notes. A durable notebook for everyday notes. A durable notebook for everyday notes. A durable notebook for everyday notes. A durable notebook for everyday notes. A durable notebook for everyday notes. A durable notebook for everyday notes. A durable notebook for everyday notes. A durable notebook for everyday notes. A durable notebook for everyday notes. A durable notebook for everyday notes. A durable notebook for everyday notes. A durable notebook for everyday notes. A durable notebook for everyday notes. A durable notebook for everyday notes. A durable notebook for everyday notes. A durable notebook for everyday notes. A durable notebook for everyday notes. A durable notebook for everyday notes. A durable notebook for everyday notes. A durable notebook for everyday notes. A durable notebook for everyday notes. A durable notebook for everyday notes. A durable notebook for everyday notes. A durable notebook for everyday notes. A durable notebook for everyday notes. A durable notebook for everyday notes. A durable notebook for everyday notes. A durable notebook for everyday notes. A durable notebook for everyday notes. A durable notebook for everyday notes. A durable notebook for everyday notes. A durable notebook for everyday notes. A durable notebook for everyday notes. A durable notebook for everyday notes. A durable notebook for everyday notes. A durable notebook for everyday notes. A durable notebook for everyday notes. A durable notebook for everyday notes. A durable notebook for everyday notes. A durable notebook for everyday notes. A durable notebook for everyday notes. A durable notebook for everyday notes. A durable notebook for everyday notes. A durable notebook for everyday notes. A durable notebook for everyday notes. A durable notebook for everyday notes. A durable notebook for everyday notes. A durable notebook for everyday notes. A durable notebook for everyday notes. A durable notebook for everyday notes. A durable notebook for everyday notes. A durable notebook for everyday notes. A durable notebook for everyday notes. A durable notebook for everyday notes. A durable notebook for everyday notes. A durable notebook for everyday notes. A durable notebook for everyday notes. A durable notebook for everyday notes. A durable notebook for everyday notes. A durable notebook for everyday notes. A durable notebook for everyday notes. A durable notebook for everyday notes. A durable notebook for everyday notes. A durable notebook for everyday notes. A durable notebook for everyday notes. A durable notebook for everyday notes. A durable notebook for everyday notes. A durable notebook for everyday notes. A durable notebook for everyday notes. A durable notebook for everyday notes. A durable notebook for everyday notes. A durable notebook for everyday notes. A durable notebook for everyday notes. A durable notebook for everyday notes. A durable notebook for everyday notes. A durable notebook for everyday notes. A durable notebook for everyday notes. A durable notebook for everyday notes. A durable notebook for everyday notes. A durable notebook for everyday notes. A durable notebook for everyday notes. A durable notebook for everyday notes. A durable notebook for everyday notes. A durable notebook for everyday notes. A durable notebook for everyday notes. A durable notebook for everyday notes. A durable notebook for everyday notes. A durable notebook for everyday notes. A durable notebook for everyday notes. A durable notebook for everyday notes. A durable notebook for everyday notes. A durable notebook for everyday notes. A durable notebook for everyday notes. A durable notebook for everyday notes. A durable notebook for everyday notes. A durable notebook for everyday notes. A durable notebook for everyday notes. A durable notebook for everyday notes. A durable notebook for everyday notes. A durable notebook for everyday notes. A durable notebook for everyday notes. A durable notebook for everyday notes. </p>,core,2026-09-08T04:15:00Z,NW/000
,NW-R007,Bad Check Digit Chisel,Marrow Tool Works,Outdoor,24.00,9.00,,5060123456780,500,g,200mm x 120mm x 60mm,12,In Stock,TRUE,TRUE,https://cdn.example-supplier.test/img/placeholder.jpg,<p>Made in small batches and finished by hand. Ships flat.</p>,core,2026-09-08T04:15:00Z,NW/000
,NW-R008,Spreadsheet Mangled Mallet,Marrow Tool Works,Outdoor,24.00,9.00,,5.06E+12,500,g,200mm x 120mm x 60mm,12,In Stock,TRUE,TRUE,https://cdn.example-supplier.test/img/placeholder.jpg,<p>Made in small batches and finished by hand. Ships flat.</p>,core,2026-09-08T04:15:00Z,NW/000
,NW-R009,Lost Leading Zero Bowl,Pennyroyal Home,Outdoor,24.00,9.00,,06012345678,500,g,200mm x 120mm x 60mm,12,In Stock,TRUE,TRUE,https://cdn.example-supplier.test/img/placeholder.jpg,<p>Made in small batches and finished by hand. Ships flat.</p>,core,2026-09-08T04:15:00Z,NW/000
,NW-R010,,Vellum Paper Goods,Outdoor,24.00,9.00,,5060006398551,500,g,200mm x 120mm x 60mm,12,In Stock,TRUE,TRUE,https://cdn.example-supplier.test/img/placeholder.jpg,<p>Made in small batches and finished by hand. Ships flat.</p>,core,2026-09-08T04:15:00Z,NW/000
,NW-R011,Quote Only Bench,Marrow Tool Works,Outdoor,Call for quote,9.00,,5060006406478,500,g,200mm x 120mm x 60mm,12,In Stock,TRUE,TRUE,https://cdn.example-supplier.test/img/placeholder.jpg,<p>Made in small batches and finished by hand. Ships flat.</p>,core,2026-09-08T04:15:00Z,NW/000
,NW-R012,Was Now Priced Tote,Harbourline Outfitters,Outdoor,$60.00 $48.00,9.00,,5060006414398,500,g,200mm x 120mm x 60mm,12,In Stock,TRUE,TRUE,https://cdn.example-supplier.test/img/placeholder.jpg,<p>Made in small batches and finished by hand. Ships flat.</p>,core,2026-09-08T04:15:00Z,NW/000
,NW-F001,Unitless Weight Hand Plane,Marrow Tool Works,Outdoor,24.00,9.00,,5060005551216,1.2,,200mm x 120mm x 60mm,12,In Stock,TRUE,TRUE,https://cdn.example-supplier.test/img/placeholder.jpg,<p>Made in small batches and finished by hand. Ships flat.</p>,core,2026-09-08T04:15:00Z,NW/000
,NW-F002,Odd Unit Anchor Weight,Harbourline Outfitters,Outdoor,24.00,9.00,,5060005559137,3 stone,,200mm x 120mm x 60mm,12,In Stock,TRUE,TRUE,https://cdn.example-supplier.test/img/placeholder.jpg,<p>Made in small batches and finished by hand. Ships flat.</p>,core,2026-09-08T04:15:00Z,NW/000
,NW-F003,Two Dimension Doormat,Saltmarsh Supply,Outdoor,24.00,9.00,,5060005567057,500,g,12 x 8,12,In Stock,TRUE,TRUE,https://cdn.example-supplier.test/img/placeholder.jpg,<p>Made in small batches and finished by hand. Ships flat.</p>,core,2026-09-08T04:15:00Z,NW/000
,NW-F004,Mixed Unit Crate,Saltmarsh Supply,Outdoor,24.00,9.00,,5060005574970,500,g,30cm x 20in x 10cm,12,In Stock,TRUE,TRUE,https://cdn.example-supplier.test/img/placeholder.jpg,<p>Made in small batches and finished by hand. Ships flat.</p>,core,2026-09-08T04:15:00Z,NW/000
,NW-F005,Unknown Stock State Ledger,Vellum Paper Goods,Outdoor,24.00,9.00,,5060005582890,500,g,200mm x 120mm x 60mm,12,Ask in store,TRUE,TRUE,https://cdn.example-supplier.test/img/placeholder.jpg,<p>Made in small batches and finished by hand. Ships flat.</p>,core,2026-09-08T04:15:00Z,NW/000
,NW-F006,Maybe Published Sketchbook,Vellum Paper Goods,Outdoor,24.00,9.00,,5060005590819,500,g,200mm x 120mm x 60mm,12,In Stock,maybe,TRUE,https://cdn.example-supplier.test/img/placeholder.jpg,<p>Made in small batches and finished by hand. Ships flat.</p>,core,2026-09-08T04:15:00Z,NW/000
,NW-F007,Euro Priced Deck Brush,Harbourline Outfitters,Outdoor,"€89,00",9.00,,5060005598730,500,g,200mm x 120mm x 60mm,12,In Stock,TRUE,TRUE,https://cdn.example-supplier.test/img/placeholder.jpg,<p>Made in small batches and finished by hand. Ships flat.</p>,core,2026-09-08T04:15:00Z,NW/000
,NW-F008,In Stock With None Left Cleat,Harbourline Outfitters,Outdoor,24.00,9.00,,5060005606657,500,g,200mm x 120mm x 60mm,0,In Stock,TRUE,TRUE,https://cdn.example-supplier.test/img/placeholder.jpg,<p>Made in small batches and finished by hand. Ships flat.</p>,core,2026-09-08T04:15:00Z,NW/000
,NW-F009,Unreadable Quantity Bin,Saltmarsh Supply,Outdoor,24.00,9.00,,5060005614577,500,g,200mm x 120mm x 60mm,lots,In Stock,TRUE,TRUE,https://cdn.example-supplier.test/img/placeholder.jpg,<p>Made in small batches and finished by hand. Ships flat.</p>,core,2026-09-08T04:15:00Z,NW/000
,NW-F010,Fake Discount Tea Caddy,Pennyroyal Home,Outdoor,24.00,9.00,19.99,5060005622497,500,g,200mm x 120mm x 60mm,12,In Stock,TRUE,TRUE,https://cdn.example-supplier.test/img/placeholder.jpg,<p>Made in small batches and finished by hand. Ships flat.</p>,core,2026-09-08T04:15:00Z,NW/000
,NW-F011,Extremely Long Title For A Perfectly Ordinary Shelf Bracket For A Perfectly Ordinary Shelf Bracket For A Perfectly Ordinary Shelf Bracket For A Perfectly Ordinary Shelf Bracket ,Marrow Tool Works,Outdoor,24.00,9.00,,5060005630409,500,g,200mm x 120mm x 60mm,12,In Stock,TRUE,TRUE,https://cdn.example-supplier.test/img/placeholder.jpg,<p>Made in small batches and finished by hand. Ships flat.</p>,core,2026-09-08T04:15:00Z,NW/000
,NW-V001,Unmapped Vendor Item 1,tidepool goods,Outdoor,24.00,9.00,,5060005701680,500,g,200mm x 120mm x 60mm,12,In Stock,TRUE,TRUE,https://cdn.example-supplier.test/img/placeholder.jpg,<p>Made in small batches and finished by hand. Ships flat.</p>,core,2026-09-08T04:15:00Z,NW/000
,NW-V002,Unmapped Vendor Item 2,ZEPHYR WORKS,Outdoor,24.00,9.00,,5060005709594,500,g,200mm x 120mm x 60mm,12,In Stock,TRUE,TRUE,https://cdn.example-supplier.test/img/placeholder.jpg,<p>Made in small batches and finished by hand. Ships flat.</p>,core,2026-09-08T04:15:00Z,NW/000
